"","Date","mata_escura_EVI2","mata_escura_EVI2_fitted","mata_escura_EVI2_trend","Date.1","monte_pascoal_EVI2","monte_pascoal_EVI2_fitted","monte_pascoal_EVI2_trend","Date.2","rio_doce_EVI2","rio_doce_EVI2_fitted","rio_doce_EVI2_trend","Date.3","sooretama_EVI2","sooretama_EVI2_fitted","sooretama_EVI2_trend"
"1",2019-01-01,-999,0.56811478,0.47503333,2019-01-01,0.538,0.54764676,0.51661249,2019-01-01,-999,0.60334956,0.46903135,2019-01-01,0.371,0.57658406,0.50976596
"2",2019-01-06,-999,0.55581435,0.47503078,2019-01-06,0.53,0.54729924,0.51661468,2019-01-06,0.584,0.60321498,0.46904699,2019-01-06,0.55475,0.57665753,0.50975613
"3",2019-01-11,0.6495,0.54922536,0.47502821,2019-01-11,-999,0.5424162,0.51661688,2019-01-11,0.586,0.60057938,0.46906269,2019-01-11,-999,0.55644375,0.50974619
"4",2019-01-16,0.532,0.5613267,0.47502561,2019-01-16,-999,0.54319125,0.51661908,2019-01-16,0.564,0.60160354,0.46907843,2019-01-16,0.598,0.58602127,0.50973614
"5",2019-01-21,0.5155,0.50736068,0.47502298,2019-01-21,0.556,0.55774194,0.51662129,2019-01-21,0.602,0.58377839,0.46909422,2019-01-21,0.5855,0.58273468,0.50972598
"6",2019-01-26,0.4655,0.48066612,0.47502032,2019-01-26,0.567,0.55703532,0.51662351,2019-01-26,0.557,0.55916602,0.46911006,2019-01-26,0.60125,0.5720323,0.5097157
"7",2019-01-31,0.504,0.46802364,0.47501763,2019-01-31,0.549,0.5563707,0.51662573,2019-01-31,0.545,0.56107007,0.46912595,2019-01-31,0.59675,0.56129045,0.50970532
"8",2019-02-05,0.466,0.47592059,0.47501491,2019-02-05,0.551,0.55493181,0.51662797,2019-02-05,-999,0.53648954,0.46914188,2019-02-05,0.532,0.56152738,0.50969481
"9",2019-02-10,0.5,0.49338362,0.47501216,2019-02-10,0.547,0.54758366,0.51663022,2019-02-10,0.505,0.53527212,0.46915786,2019-02-10,0.579,0.52825736,0.50968419
"10",2019-02-15,-999,0.48137738,0.47500937,2019-02-15,0.583,0.54860222,0.51663248,2019-02-15,0.533,0.52828237,0.46917389,2019-02-15,0.46175,0.5135895,0.50967345
"11",2019-02-20,0.515,0.48685994,0.47500654,2019-02-20,0.515,0.55185469,0.51663475,2019-02-20,0.537,0.522162,0.46918996,2019-02-20,-999,0.52128254,0.50966258
"12",2019-02-25,0.481,0.49818839,0.47500367,2019-02-25,0.501,0.52599538,0.51663703,2019-02-25,0.514,0.52420395,0.46920607,2019-02-25,0.53975,0.51659525,0.50965159
"13",2019-03-02,0.5135,0.50302832,0.47500075,2019-03-02,0.498,0.52154268,0.51663932,2019-03-02,0.509,0.51949257,0.46922223,2019-03-02,-999,0.52465466,0.50964047
"14",2019-03-07,0.5085,0.50839307,0.47499778,2019-03-07,-999,0.51910307,0.51664163,2019-03-07,0.532,0.51359112,0.46923844,2019-03-07,0.56,0.563197,0.50962921
"15",2019-03-12,0.4725,0.53495076,0.47499475,2019-03-12,0.591,0.52669694,0.51664396,2019-03-12,0.503,0.51266608,0.46925469,2019-03-12,0.52025,0.57069235,0.50961781
"16",2019-03-17,-999,0.53735831,0.47499167,2019-03-17,0.476,0.53593853,0.51664631,2019-03-17,-999,0.51140761,0.469271,2019-03-17,0.5265,0.572366,0.50960627
"17",2019-03-22,0.509,0.50363028,0.47498852,2019-03-22,-999,0.53465434,0.51664867,2019-03-22,0.464,0.4923151,0.46928735,2019-03-22,-999,0.56319174,0.50959459
"18",2019-03-27,-999,0.49759442,0.47498531,2019-03-27,0.522,0.52619983,0.51665106,2019-03-27,0.521,0.46424277,0.46930375,2019-03-27,-999,0.55875699,0.50958277
"19",2019-04-01,0.4895,0.48991116,0.47498204,2019-04-01,0.592,0.56862363,0.51665348,2019-04-01,0.368,0.43759519,0.46932019,2019-04-01,0.55925,0.54896633,0.5095708
"20",2019-04-06,0.473,0.47315346,0.4749787,2019-04-06,0.563,0.63102424,0.51665592,2019-04-06,0.51,0.4411143,0.46933669,2019-04-06,0.549,0.53547411,0.50955868
"21",2019-04-11,-999,0.48661017,0.47497529,2019-04-11,-999,0.49636293,0.5166584,2019-04-11,0.323,0.47981519,0.46935324,2019-04-11,0.5115,0.52236867,0.50954641
"22",2019-04-16,0.468,0.4972454,0.4749718,2019-04-16,0.631,0.45778852,0.5166609,2019-04-16,0.502,0.5161359,0.46936985,2019-04-16,-999,0.52405484,0.50953399
"23",2019-04-21,0.58,0.49702853,0.47496825,2019-04-21,0.168,0.44691871,0.51666345,2019-04-21,0.534,0.47593274,0.46938651,2019-04-21,0.4905,0.51864691,0.50952143
"24",2019-04-26,0.4815,0.47849615,0.47496462,2019-04-26,0.56,0.43352494,0.51666603,2019-04-26,0.456,0.48867784,0.46940322,2019-04-26,0.5455,0.52054853,0.50950871
"25",2019-05-01,0.238,0.50571958,0.47496091,2019-05-01,0.494,0.4762373,0.51666866,2019-05-01,0.412,0.46222751,0.46942,2019-05-01,-999,0.52990454,0.50949584
"26",2019-05-06,-999,0.51401318,0.47495712,2019-05-06,-999,0.51936286,0.51667133,2019-05-06,-999,0.45189328,0.46943685,2019-05-06,-999,0.52454451,0.50948283
"27",2019-05-11,0.4755,0.4836206,0.47495325,2019-05-11,0.497,0.50055316,0.51667404,2019-05-11,0.442,0.44435887,0.46945377,2019-05-11,0.502,0.52335744,0.50946966
"28",2019-05-16,-999,0.47099669,0.47494929,2019-05-16,-999,0.4507737,0.51667681,2019-05-16,0.45,0.45534639,0.46947076,2019-05-16,-999,0.48694988,0.50945635
"29",2019-05-21,0.4575,0.46474062,0.47494525,2019-05-21,0.504,0.41757002,0.51667963,2019-05-21,0.447,0.44175638,0.46948784,2019-05-21,0.52,0.46319198,0.50944289
"30",2019-05-26,0.4685,0.45830724,0.47494112,2019-05-26,0.477,0.48437266,0.51668251,2019-05-26,-999,0.45291266,0.469505,2019-05-26,-999,0.44625207,0.50942927
"31",2019-05-31,0.461,0.43945039,0.4749369,2019-05-31,0.512,0.50208389,0.51668545,2019-05-31,0.423,0.4407763,0.46952227,2019-05-31,0.3835,0.44977048,0.5094155
"32",2019-06-05,-999,0.44220595,0.4749326,2019-06-05,-999,0.49884249,0.51668846,2019-06-05,0.443,0.41619705,0.46953964,2019-06-05,0.48125,0.43432001,0.50940158
"33",2019-06-10,0.388,0.4478637,0.47492822,2019-06-10,0.532,0.51771877,0.51669153,2019-06-10,0.323,0.34201053,0.46955713,2019-06-10,-999,0.47296281,0.50938749
"34",2019-06-15,0.481,0.46448342,0.47492376,2019-06-15,-999,0.51537982,0.51669466,2019-06-15,-999,0.36025044,0.46957474,2019-06-15,0.4135,0.45537301,0.50937325
"35",2019-06-20,-999,0.46668744,0.47491921,2019-06-20,0.502,0.50492639,0.51669787,2019-06-20,0.325,0.35720319,0.46959248,2019-06-20,0.47,0.45005283,0.50935884
"36",2019-06-25,-999,0.45981381,0.47491459,2019-06-25,0.498,0.49798245,0.51670115,2019-06-25,0.44,0.39995684,0.46961037,2019-06-25,0.46775,0.47581276,0.50934427
"37",2019-06-30,0.4395,0.45704542,0.47490989,2019-06-30,0.436,0.49088768,0.51670449,2019-06-30,-999,0.4108407,0.46962841,2019-06-30,-999,0.47917232,0.50932954
"38",2019-07-05,0.425,0.42663004,0.47490511,2019-07-05,0.494,0.47613772,0.51670791,2019-07-05,0.428,0.39694197,0.46964662,2019-07-05,0.45825,0.47631255,0.50931463
"39",2019-07-10,0.435,0.41486468,0.47490027,2019-07-10,-999,0.48123454,0.5167114,2019-07-10,0.416,0.39948597,0.46966501,2019-07-10,-999,0.46416355,0.50929956
"40",2019-07-15,-999,0.40210204,0.47489537,2019-07-15,0.493,0.46698074,0.51671496,2019-07-15,0.312,0.37725083,0.46968359,2019-07-15,0.47075,0.46225778,0.50928432
"41",2019-07-20,-999,0.41579685,0.47489041,2019-07-20,-999,0.47772083,0.51671861,2019-07-20,0.396,0.38006588,0.46970237,2019-07-20,0.476,0.44615337,0.50926892
"42",2019-07-25,0.423,0.4252825,0.4748854,2019-07-25,0.393,0.4667101,0.51672233,2019-07-25,0.4,0.38137531,0.46972137,2019-07-25,0.4525,0.46678583,0.50925335
"43",2019-07-30,0.437,0.46238722,0.47488035,2019-07-30,0.522,0.47123867,0.51672615,2019-07-30,0.377,0.40301,0.46974061,2019-07-30,0.5035,0.43933823,0.50923761
"44",2019-08-04,-999,0.45231678,0.47487526,2019-08-04,-999,0.48596974,0.51673005,2019-08-04,-999,0.38793144,0.46976009,2019-08-04,0.4435,0.44523423,0.5092217
"45",2019-08-09,0.577,0.46573995,0.47487014,2019-08-09,0.527,0.49063714,0.51673405,2019-08-09,0.393,0.39193135,0.46977984,2019-08-09,0.5,0.34455814,0.50920562
"46",2019-08-14,-999,0.46262652,0.474865,2019-08-14,0.555,0.52519722,0.51673815,2019-08-14,0.396,0.3926058,0.46979987,2019-08-14,-999,0.39423,0.50918936
"47",2019-08-19,-999,0.47332991,0.47485983,2019-08-19,0.489,0.52395142,0.51674236,2019-08-19,-999,0.40296023,0.4698202,2019-08-19,0.463,0.44266108,0.50917293
"48",2019-08-24,-999,0.48157169,0.47485464,2019-08-24,-999,0.51767242,0.51674668,2019-08-24,-999,0.41064372,0.46984085,2019-08-24,-999,0.48145615,0.50915631
"49",2019-08-29,0.4715,0.47918491,0.47484944,2019-08-29,-999,0.5312748,0.51675111,2019-08-29,0.381,0.415777,0.46986185,2019-08-29,0.43475,0.46855743,0.50913951
"50",2019-09-03,-999,0.46779291,0.47484421,2019-09-03,0.57,0.53690904,0.51675567,2019-09-03,0.433,0.41263338,0.46988321,2019-09-03,0.46825,0.47157484,0.50912251
"51",2019-09-08,0.563,0.45961334,0.47483895,2019-09-08,-999,0.53510898,0.51676034,2019-09-08,0.373,0.40623634,0.46990496,2019-09-08,0.518,0.470991,0.50910532
"52",2019-09-13,0.4775,0.45142525,0.47483365,2019-09-13,0.518,0.53400912,0.51676515,2019-09-13,-999,0.41071396,0.46992713,2019-09-13,0.42675,0.47123369,0.50908793
"53",2019-09-18,0.466,0.42431186,0.47482831,2019-09-18,-999,0.54195834,0.51677009,2019-09-18,0.292,0.40720522,0.46994974,2019-09-18,-999,0.4669256,0.50907033
"54",2019-09-23,0.3495,0.39747787,0.4748229,2019-09-23,-999,0.54897893,0.51677517,2019-09-23,-999,0.39517657,0.46997282,2019-09-23,-999,0.45854375,0.50905252
"55",2019-09-28,0.4695,0.40073295,0.47481741,2019-09-28,-999,0.55719311,0.51678039,2019-09-28,-999,0.39073937,0.4699964,2019-09-28,-999,0.45658432,0.50903449
"56",2019-10-03,0.4215,0.40305948,0.47481183,2019-10-03,0.559,0.53979356,0.51678575,2019-10-03,0.401,0.39848343,0.47002053,2019-10-03,0.51425,0.4596436,0.50901625
"57",2019-10-08,0.5145,0.41508551,0.47480614,2019-10-08,0.583,0.53878439,0.51679126,2019-10-08,-999,0.40546322,0.47004522,2019-10-08,-999,0.47214828,0.50899777
"58",2019-10-13,0.422,0.42171639,0.4748003,2019-10-13,0.553,0.49668248,0.51679691,2019-10-13,0.417,0.42634525,0.47007053,2019-10-13,0.4945,0.47823227,0.50897906
"59",2019-10-18,0.391,0.4373435,0.47479431,2019-10-18,0.59,0.48697824,0.51680271,2019-10-18,-999,0.43087678,0.47009649,2019-10-18,0.52525,0.48611409,0.50896009
"60",2019-10-23,-999,0.44135086,0.47478811,2019-10-23,-999,0.47220394,0.51680865,2019-10-23,0.431,0.43443262,0.47012315,2019-10-23,-999,0.49429748,0.50894085
"61",2019-10-28,0.4605,0.45204042,0.47478169,2019-10-28,0.54,0.48315808,0.51681474,2019-10-28,-999,0.4490156,0.47015056,2019-10-28,0.54625,0.52083592,0.50892133
"62",2019-11-02,0.4165,0.46668818,0.474775,2019-11-02,-999,0.48861909,0.51682096,2019-11-02,0.459,0.46311899,0.47017875,2019-11-02,0.5015,0.52265243,0.5089015
"63",2019-11-07,0.411,0.46527692,0.47476803,2019-11-07,0.595,0.50702383,0.51682733,2019-11-07,0.481,0.49037326,0.47020779,2019-11-07,0.533,0.52892323,0.50888135
"64",2019-11-12,0.4015,0.46837455,0.47476073,2019-11-12,0.527,0.52450816,0.51683384,2019-11-12,-999,0.50417917,0.47023773,2019-11-12,-999,0.53979821,0.50886086
"65",2019-11-17,0.4205,0.48012566,0.47475308,2019-11-17,-999,0.51526757,0.51684048,2019-11-17,-999,0.52126096,0.47026863,2019-11-17,-999,0.55159855,0.50883999
"66",2019-11-22,-999,0.48761527,0.47474504,2019-11-22,0.496,0.50826024,0.51684724,2019-11-22,-999,0.53231241,0.47030053,2019-11-22,0.5485,0.55464755,0.50881872
"67",2019-11-27,-999,0.49663055,0.4747366,2019-11-27,-999,0.52018502,0.51685413,2019-11-27,-999,0.54083184,0.47033352,2019-11-27,-999,0.56504528,0.50879704
"68",2019-12-02,0.433,0.50579176,0.47472772,2019-12-02,-999,0.53432564,0.51686113,2019-12-02,-999,0.55062529,0.47036763,2019-12-02,-999,0.56815995,0.5087749
"69",2019-12-07,0.4585,0.54740179,0.47471838,2019-12-07,-999,0.54047941,0.51686823,2019-12-07,-999,0.56800649,0.47040296,2019-12-07,-999,0.57401253,0.5087523
"70",2019-12-12,0.2705,0.45284648,0.47470855,2019-12-12,0.558,0.55599556,0.51687542,2019-12-12,0.602,0.58427505,0.47043955,2019-12-12,0.588,0.57737964,0.50872918
"71",2019-12-17,0.492,0.46776863,0.47469821,2019-12-17,0.531,0.55890504,0.5168827,2019-12-17,-999,0.58071697,0.47047749,2019-12-17,0.5975,0.60296547,0.50870553
"72",2019-12-22,0.589,0.50860837,0.47468732,2019-12-22,0.53,0.5609106,0.51689006,2019-12-22,0.576,0.59737241,0.47051684,2019-12-22,0.57025,0.60532474,0.5086813
"73",2019-12-27,0.522,0.57773019,0.47467588,2019-12-27,0.549,0.56398775,0.51689749,2019-12-27,0.599,0.59814959,0.47055767,2019-12-27,0.57625,0.58130694,0.50865646
"74",2020-01-01,-999,0.56774636,0.47466385,2020-01-01,0.553,0.5479399,0.51690499,2020-01-01,-999,0.60491945,0.47060007,2020-01-01,0.59875,0.57544872,0.50863097
"75",2020-01-06,-999,0.5554354,0.47465121,2020-01-06,0.527,0.54759775,0.51691255,2020-01-06,0.542,0.60481325,0.47064411,2020-01-06,-999,0.57550699,0.5086048
"76",2020-01-11,0.4845,0.5488359,0.47463793,2020-01-11,0.556,0.54271999,0.51692016,2020-01-11,0.399,0.60220755,0.47068987,2020-01-11,0.57525,0.5552769,0.50857791
"77",2020-01-16,0.4475,0.56092519,0.47462398,2020-01-16,0.511,0.54350048,0.51692783,2020-01-16,-999,0.60326361,0.47073744,2020-01-16,0.51875,0.58483572,0.50855025
"78",2020-01-21,-999,0.50694897,0.47460935,2020-01-21,-999,0.55805645,0.51693553,2020-01-21,-999,0.58547141,0.4707869,2020-01-21,-999,0.58153059,0.50852178
"79",2020-01-26,0.3325,0.4802417,0.47459402,2020-01-26,-999,0.5573554,0.51694326,2020-01-26,0.56,0.56089452,0.47083835,2020-01-26,-999,0.57080896,0.50849245
"80",2020-01-31,0.534,0.46758438,0.47457796,2020-01-31,0.566,0.55669623,0.51695102,2020-01-31,0.588,0.56283607,0.47089188,2020-01-31,0.5795,0.56004689,0.50846222
"81",2020-02-05,-999,0.47546624,0.47456117,2020-02-05,0.563,0.55526251,0.51695879,2020-02-05,0.568,0.5382958,0.47094758,2020-02-05,-999,0.56026329,0.50843105
"82",2020-02-10,0.4925,0.49291354,0.47454363,2020-02-10,0.516,0.54792017,0.51696655,2020-02-10,-999,0.53712004,0.47100554,2020-02-10,0.5345,0.52697128,0.50839888
"83",2020-02-15,0.5505,0.48089184,0.47452534,2020-02-15,0.548,0.5489443,0.5169743,2020-02-15,-999,0.53017453,0.47106586,2020-02-15,0.59325,0.51228109,0.50836568
"84",2020-02-20,-999,0.48635797,0.47450628,2020-02-20,0.563,0.5522022,0.51698202,2020-02-20,-999,0.52410055,0.47112863,2020-02-20,0.56,0.51995051,0.50833138
"85",2020-02-25,-999,0.49767025,0.47448643,2020-02-25,-999,0.5263488,0.51698969,2020-02-25,-999,0.52619181,0.47119394,2020-02-25,0.558,0.51523934,0.50829594
"86",2020-03-01,0.496,0.50249271,0.47446578,2020-03-01,0.601,0.52190135,0.5169973,2020-03-01,-999,0.52153224,0.4712619,2020-03-01,0.6045,0.52327335,0.5082593
"87",2020-03-06,-999,0.5078393,0.47444431,2020-03-06,-999,0.51946593,0.51700481,2020-03-06,0.446,0.5156853,0.47133258,2020-03-06,-999,0.56178907,0.50822139
"88",2020-03-11,0.5615,0.53437959,0.47442199,2020-03-11,-999,0.52706483,0.51701219,2020-03-11,0.602,0.51481754,0.47140607,2020-03-11,-999,0.56925725,0.50818214
"89",2020-03-16,0.5495,0.53676648,0.4743988,2020-03-16,-999,0.53631242,0.51701943,2020-03-16,-999,0.51361875,0.47148244,2020-03-16,0.6005,0.57090174,0.50814148
"90",2020-03-21,-999,0.50301703,0.47437471,2020-03-21,-999,0.53503198,0.51702646,2020-03-21,0.538,0.49458922,0.47156177,2020-03-21,-999,0.56169693,0.50809935
"91",2020-03-26,-999,0.49695942,0.47434969,2020-03-26,-999,0.52658254,0.51703326,2020-03-26,0.467,0.46658296,0.47164412,2020-03-26,0.538666666666667,0.55723042,0.50805565
"92",2020-03-31,0.4855,0.48925407,0.47432372,2020-03-31,-999,0.56900968,0.51703977,2020-03-31,0.487,0.44000463,0.47172953,2020-03-31,0.57725,0.54740549,0.5080103
"93",2020-04-05,0.4005,0.47247291,0.47429675,2020-04-05,-999,0.63141389,0.51704593,2020-04-05,-999,0.44359581,0.47181803,2020-04-05,-999,0.53387832,0.50796321
"94",2020-04-10,-999,0.48590449,0.47426878,2020-04-10,-999,0.49675429,0.51705168,2020-04-10,-999,0.48237196,0.47190962,2020-04-10,-999,0.52073698,0.50791429
"95",2020-04-15,-999,0.49651265,0.47423979,2020-04-15,-999,0.45818481,0.51705696,2020-04-15,-999,0.51877102,0.47200429,2020-04-15,0.52075,0.52238443,0.50786345
"96",2020-04-20,0.494,0.49626922,0.47420975,2020-04-20,0.564,0.44731824,0.51706168,2020-04-20,0.567,0.47864851,0.47210199,2020-04-20,0.51775,0.5169363,0.50781057
"97",2020-04-25,-999,0.47771107,0.47417867,2020-04-25,0.496,0.43392499,0.51706578,2020-04-25,0.495,0.49147671,0.47220265,2020-04-25,-999,0.51879591,0.50775557
"98",2020-04-30,0.5455,0.50490527,0.47414655,2020-04-30,0.487,0.4766381,0.51706914,2020-04-30,0.455,0.46511417,0.47230614,2020-04-30,0.532,0.52810713,0.50769833
"99",2020-05-05,-999,0.51316839,0.47411337,2020-05-05,-999,0.51976208,0.5170717,2020-05-05,-999,0.45486949,0.4724123,2020-05-05,0.512,0.52270045,0.50763875
"100",2020-05-10,-999,0.48274728,0.47407913,2020-05-10,0.533,0.50095219,0.51707334,2020-05-10,-999,0.44742647,0.47252094,2020-05-10,0.51375,0.52146443,0.50757674
"101",2020-05-15,0.593,0.47009186,0.47404381,2020-05-15,0.489,0.45116987,0.51707396,2020-05-15,0.482,0.45850731,0.47263179,2020-05-15,-999,0.48500594,0.50751218
"102",2020-05-20,0.376,0.46380179,0.47400738,2020-05-20,0.339,0.41796481,0.51707345,2020-05-20,0.442,0.44501234,0.47274456,2020-05-20,0.461,0.46119428,0.50744499
"103",2020-05-25,-999,0.45733563,0.47396983,2020-05-25,-999,0.48476116,0.51707172,2020-05-25,0.463,0.45626644,0.47285887,2020-05-25,-999,0.4441979,0.50737506
"104",2020-05-30,0.4195,0.43844491,0.4739311,2020-05-30,-999,0.50246652,0.51706866,2020-05-30,0.451,0.44422828,0.47297432,2020-05-30,0.34,0.44765826,0.50730231
"105",2020-06-04,-999,0.44116406,0.47389113,2020-06-04,0.506,0.49921823,0.51706421,2020-06-04,0.42,0.4197481,0.47309046,2020-06-04,0.4775,0.43214637,0.50722666
"106",2020-06-09,0.524,0.44678463,0.47384985,2020-06-09,0.495,0.51808535,0.51705832,2020-06-09,0.423,0.34566014,0.4732068,2020-06-09,0.471,0.47072461,0.50714802
"107",2020-06-14,-999,0.4633669,0.47380715,2020-06-14,0.516,0.51573597,0.51705097,2020-06-14,-999,0.36399847,0.47332287,2020-06-14,0.457666666666667,0.45306549,0.50706633
"108",2020-06-19,0.4755,0.46553129,0.47376288,2020-06-19,-999,0.50527112,0.51704222,2020-06-19,0.446,0.3610488,0.4734382,2020-06-19,-999,0.44767474,0.50698148
"109",2020-06-24,-999,0.4586166,0.47371682,2020-06-24,0.493,0.49831423,0.5170322,2020-06-24,0.428,0.4038981,0.4735524,2020-06-24,0.48,0.47336227,0.50689336
"110",2020-06-29,0.4655,0.45580531,0.47366867,2020-06-29,-999,0.49120511,0.51702111,2020-06-29,0.42,0.41487674,0.47366525,2020-06-29,-999,0.476645,0.50680183
"111",2020-07-04,0.3515,0.42524357,0.47351719,2020-07-04,0.492,0.4763868,0.51695789,2020-07-04,0.393,0.4009643,0.47366865,2020-07-04,0.5065,0.47367499,0.50667665
"112",2020-07-09,0.317,0.41333401,0.47336844,2020-07-09,0.493,0.48141621,0.51689266,2020-07-09,0.319,0.40349158,0.47367007,2020-07-09,0.4635,0.4614166,0.50655311
"113",2020-07-14,-999,0.40042991,0.47322313,2020-07-14,0.525,0.46709221,0.51682637,2020-07-14,-999,0.38123711,0.4736695,2020-07-14,0.46625,0.45940442,0.5064315
"114",2020-07-19,0.4825,0.41398775,0.47308189,2020-07-19,-999,0.47776249,0.51675983,2020-07-19,0.427,0.38403099,0.47366703,2020-07-19,-999,0.44319523,0.50631211
"115",2020-07-24,0.462,0.42334113,0.47294517,2020-07-24,0.568,0.46668116,0.51669368,2020-07-24,0.377,0.3853161,0.47366281,2020-07-24,-999,0.46372678,0.50619519
"116",2020-07-29,-999,0.46031863,0.47281332,2020-07-29,0.422,0.47114114,0.51662847,2020-07-29,-999,0.40692585,0.473657,2020-07-29,0.48975,0.4361808,0.50608098
"117",2020-08-03,0.463,0.45012669,0.47268658,2020-08-03,0.435,0.48580455,0.5165646,2020-08-03,0.424,0.39182036,0.47364979,2020-08-03,0.4755,0.44198186,0.50596965
"118",2020-08-08,-999,0.46343314,0.47256509,2020-08-08,0.533,0.49040588,0.51650242,2020-08-08,0.4,0.39579251,0.47364139,2020-08-08,0.2005,0.3412133,0.50586136
"119",2020-08-13,0.459,0.46020829,0.4724489,2020-08-13,0.545,0.52490055,0.51644216,2020-08-13,0.388,0.39643789,0.47363197,2020-08-13,0.50825,0.39079695,0.50575622
"120",2020-08-18,0.4805,0.47080562,0.47233803,2020-08-18,0.596,0.52359207,0.51638403,2020-08-18,-999,0.40676173,0.47362174,2020-08-18,0.4265,0.4391422,0.50565431
"121",2020-08-23,0.4595,0.47894705,0.47223241,2020-08-23,-999,0.51725292,0.51632814,2020-08-23,0.432,0.41441379,0.47361085,2020-08-23,-999,0.47785614,0.50555567
"122",2020-08-28,0.44,0.47646505,0.47213195,2020-08-28,0.58,0.53079768,0.51627458,2020-08-28,0.427,0.41951478,0.47359947,2020-08-28,0.462,0.46487786,0.50546033
"123",2020-09-02,0.5305,0.46498285,0.47203652,2020-09-02,0.571,0.53637615,0.51622339,2020-09-02,0.432,0.41633807,0.47358775,2020-09-02,0.51625,0.46782025,0.50536826
"124",2020-09-07,0.443,0.45671841,0.47194599,2020-09-07,-999,0.53452281,0.51617458,2020-09-07,0.434,0.40990673,0.47357581,2020-09-07,0.485,0.46716502,0.50527944
"125",2020-09-12,0.424,0.44844983,0.47186016,2020-09-12,0.521,0.53337144,0.51612814,2020-09-12,0.412,0.4143496,0.47356377,2020-09-12,0.4645,0.46733955,0.50519381
"126",2020-09-17,0.446,0.42126111,0.47177887,2020-09-17,0.547,0.54127176,0.51608402,2020-09-17,0.404,0.41080605,0.47355172,2020-09-17,0.4755,0.46296631,0.5051113
"127",2020-09-22,0.4615,0.39435576,0.47170192,2020-09-22,-999,0.54824552,0.51604218,2020-09-22,0.453,0.39874318,0.47353974,2020-09-22,0.395,0.45452246,0.50503182
"128",2020-09-27,0.4015,0.39754315,0.4716291,2020-09-27,0.566,0.55641468,0.51600255,2020-09-27,0.42,0.39427118,0.47352791,2020-09-27,0.468,0.45250423,0.50495528
"129",2020-10-02,0.369,0.39980687,0.47156022,2020-10-02,0.546,0.53897269,0.51596505,2020-10-02,0.343,0.40198004,0.47351627,2020-10-02,0.4905,0.45550836,0.50488158
"130",2020-10-07,0.352,0.41177383,0.47149507,2020-10-07,0.481,0.53792241,0.51592961,2020-10-07,-999,0.40892379,0.47350488,2020-10-07,0.4185,0.46796085,0.50481062
"131",2020-10-12,0.3995,0.41834978,0.47143344,2020-10-12,-999,0.49578192,0.51589615,2020-10-12,0.424,0.42976859,0.47349376,2020-10-12,-999,0.47399525,0.50474229
"132",2020-10-17,0.44,0.43392518,0.47137516,2020-10-17,0.517,0.48604055,0.51586459,2020-10-17,-999,0.4342634,0.47348294,2020-10-17,-999,0.4818303,0.50467649
"133",2020-10-22,-999,0.43788467,0.47132004,2020-10-22,0.446,0.47122992,0.51583485,2020-10-22,-999,0.43778232,0.47347246,2020-10-22,-999,0.48996968,0.50461311
"134",2020-10-27,-999,0.44852873,0.47126791,2020-10-27,-999,0.48214951,0.51580684,2020-10-27,-999,0.45232795,0.47346232,2020-10-27,0.4745,0.51646685,0.50455206
"135",2020-11-01,-999,0.46313398,0.47121859,2020-11-01,-999,0.48757794,0.51578049,2020-11-01,-999,0.46639337,0.47345254,2020-11-01,-999,0.51824494,0.50449322
"136",2020-11-06,0.4445,0.46168339,0.47117194,2020-11-06,-999,0.50595109,0.51575572,2020-11-06,-999,0.49360851,0.47344314,2020-11-06,-999,0.52447918,0.50443652
"137",2020-11-11,0.4805,0.46474422,0.4711278,2020-11-11,-999,0.52340664,0.51573244,2020-11-11,-999,0.50737523,0.47343412,2020-11-11,0.5395,0.53531989,0.50438184
"138",2020-11-16,-999,0.47646104,0.47108603,2020-11-16,-999,0.51413666,0.51571058,2020-11-16,-999,0.52441751,0.47342549,2020-11-16,0.543333333333333,0.54708819,0.50432912
"139",2020-11-21,-999,0.48391741,0.47104649,2020-11-21,-999,0.50710275,0.51569007,2020-11-21,-999,0.53542853,0.47341726,2020-11-21,-999,0.55010739,0.50427825
"140",2020-11-26,-999,0.4929039,0.47100904,2020-11-26,-999,0.51900176,0.51567083,2020-11-26,0.557,0.54390679,0.47340942,2020-11-26,-999,0.56047734,0.50422916
"141",2020-12-01,0.517,0.50203826,0.47097357,2020-12-01,0.549,0.53311794,0.51565279,2020-12-01,-999,0.55365854,0.47340198,2020-12-01,0.59525,0.56356686,0.50418175
"142",2020-12-06,0.596,0.54362154,0.47093995,2020-12-06,-999,0.53924796,0.51563588,2020-12-06,0.073,0.57099789,0.47339492,2020-12-06,0.5235,0.56939588,0.50413597
"143",2020-12-11,0.6065,0.44904878,0.47090807,2020-12-11,0.588,0.55474127,0.51562004,2020-12-11,0.599,0.58722297,0.47338825,2020-12-11,-999,0.57274142,0.50409171
"144",2020-12-16,0.684,0.46394998,0.4708778,2020-12-16,0.53,0.55762859,0.5156052,2020-12-16,0.56,0.58362119,0.47338195,2020-12-16,0.64525,0.59830933,0.50404892
"145",2020-12-21,0.597,0.50476935,0.47084905,2020-12-21,-999,0.55961303,0.5155913,2020-12-21,-999,0.60023115,0.47337602,2020-12-21,0.628,0.60065159,0.50400751
"146",2020-12-26,0.614,0.57387445,0.47082171,2020-12-26,-999,0.56266972,0.51557827,2020-12-26,0.64,0.60096204,0.47337045,2020-12-26,0.5655,0.57661802,0.50396742
"147",2020-12-31,0.5975,0.56387862,0.47079568,2020-12-31,-999,0.54660162,0.51556607,2020-12-31,-999,0.6076857,0.47336523,2020-12-31,0.55075,0.5707463,0.50392857
"148",2021-01-05,0.5395,0.55155496,0.47077087,2021-01-05,-999,0.54624048,0.51555465,2021-01-05,-999,0.60753057,0.47336035,2021-01-05,-999,0.57079347,0.50389091
"149",2021-01-10,0.589,0.54494485,0.47074719,2021-01-10,0.555,0.54134405,0.51554394,2021-01-10,-999,0.60487439,0.4733558,2021-01-10,-999,0.55055474,0.50385436
"150",2021-01-15,0.542,0.55702555,0.47072455,2021-01-15,-999,0.54210677,0.51553391,2021-01-15,0.591,0.60587869,0.47335155,2021-01-15,0.592,0.58010411,0.50381886
"151",2021-01-20,0.559,0.50304321,0.47070288,2021-01-20,0.571,0.55664558,0.51552451,2021-01-20,0.615,0.58803237,0.4733476,2021-01-20,0.5855,0.57679266,0.50378435
"152",2021-01-25,0.5405,0.47633054,0.47068209,2021-01-25,-999,0.55592807,0.51551568,2021-01-25,0.569,0.56339979,0.47334393,2021-01-25,-999,0.56606662,0.50375078
"153",2021-01-30,0.505,0.46366841,0.4706621,2021-01-30,0.55,0.55525256,0.51550739,2021-01-30,-999,0.56528497,0.47334052,2021-01-30,0.525,0.555302,0.50371809
"154",2021-02-04,-999,0.4715476,0.47064286,2021-02-04,0.564,0.5538031,0.5154996,2021-02-04,-999,0.54068607,0.47333735,2021-02-04,0.53775,0.55551807,0.50368623
"155",2021-02-09,-999,0.48899355,0.47062427,2021-02-09,-999,0.54644579,0.51549227,2021-02-09,-999,0.53944914,0.47333442,2021-02-09,-999,0.5222274,0.50365515
"156",2021-02-14,-999,0.47697196,0.47060628,2021-02-14,0.538,0.54745546,0.51548535,2021-02-14,-999,0.53244049,0.47333169,2021-02-14,-999,0.5075401,0.5036248
"157",2021-02-19,0.3635,0.48243946,0.47058884,2021-02-19,-999,0.55069957,0.51547882,2021-02-19,0.517,0.5263009,0.47332916,2021-02-19,-999,0.51521396,0.50359514
"158",2021-02-24,-999,0.4937552,0.47057189,2021-02-24,0.56,0.52483271,0.51547264,2021-02-24,-999,0.52832445,0.47332681,2021-02-24,0.40275,0.5105094,0.50356613
"159",2021-03-01,0.539,0.49858211,0.47055538,2021-03-01,0.524,0.5203715,0.51546678,2021-03-01,-999,0.52359486,0.47332462,2021-03-01,0.615,0.51855174,0.50353774
"160",2021-03-06,-999,0.50393468,0.47053928,2021-03-06,0.509,0.51792199,0.51546121,2021-03-06,-999,0.51767515,0.47332258,2021-03-06,0.532,0.55707802,0.50350993
"161",2021-03-11,0.549,0.53048275,0.47052355,2021-03-11,0.523,0.52550816,0.5154559,2021-03-11,-999,0.51673232,0.47332068,2021-03-11,0.509,0.56455889,0.50348268
"162",2021-03-16,-999,0.53287738,0.47050815,2021-03-16,0.54,0.53474456,0.51545082,2021-03-16,0.559,0.51545484,0.4733189,2021-03-16,0.585,0.56621725,0.50345595
"163",2021-03-21,0.4965,0.49913583,0.47049306,2021-03-21,-999,0.53345129,0.51544594,2021-03-21,0.509,0.49634434,0.47331723,2021-03-21,0.56075,0.55702812,0.50342972
"164",2021-03-26,0.4795,0.49308844,0.47047825,2021-03-26,0.582,0.52499102,0.51544126,2021-03-26,0.49,0.46825467,0.47331565,2021-03-26,0.55325,0.55257949,0.50340396
"165",2021-03-31,0.541,0.48539443,0.47046368,2021-03-31,0.476,0.56740685,0.51543673,2021-03-31,0.312,0.44158929,0.47331416,2021-03-31,0.50975,0.54277358,0.50337866
"166",2021-04-05,-999,0.46862618,0.47044932,2021-04-05,-999,0.62979913,0.51543234,2021-04-05,0.537,0.44509059,0.47331275,2021-04-05,0.5265,0.52926861,0.50335377
"167",2021-04-10,0.49,0.48207109,0.47043515,2021-04-10,0.59,0.49512872,0.51542808,2021-04-10,0.502,0.48377452,0.4733114,2021-04-10,-999,0.51615257,0.50332929
"168",2021-04-15,0.47,0.49269248,0.47042114,2021-04-15,0.308,0.45655197,0.51542391,2021-04-15,0.491,0.52007744,0.47331011,2021-04-15,-999,0.51782639,0.50330519
"169",2021-04-20,0.4955,0.49246571,0.47040727,2021-04-20,0.5,0.44567766,0.51541984,2021-04-20,-999,0.47985555,0.47330887,2021-04-20,-999,0.51240742,0.50328146
"170",2021-04-25,0.4525,0.47392783,0.47039349,2021-04-25,0.502,0.4322753,0.51541583,2021-04-25,-999,0.49258144,0.47330767,2021-04-25,0.50825,0.51429883,0.50325807
"171",2021-04-30,-999,0.50113981,0.4703798,2021-04-30,-999,0.47498157,0.51541188,2021-04-30,0.479,0.46611511,0.47330651,2021-04-30,-999,0.52364378,0.50323502
"172",2021-05-05,0.498,0.50942092,0.47036617,2021-05-05,-999,0.51809715,0.51540797,2021-05-05,0.464,0.45576328,0.47330536,2021-05-05,0.53675,0.5182739,0.50321228
"173",2021-05-10,0.4785,0.47902258,0.47035259,2021-05-10,-999,0.4992831,0.51540409,2021-05-10,0.463,0.44821007,0.47330424,2021-05-10,0.50475,0.51707722,0.50318983
"174",2021-05-15,-999,0.46638857,0.47033903,2021-05-15,0.378,0.44949501,0.51540023,2021-05-15,-999,0.45917861,0.47330312,2021-05-15,0.4815,0.48066113,0.50316768
"175",2021-05-20,0.424,0.46011874,0.47032547,2021-05-20,0.476,0.41628806,0.51539637,2021-05-20,0.424,0.44556934,0.473302,2021-05-20,0.47075,0.45689468,0.50314579
"176",2021-05-25,0.4435,0.45367744,0.47031192,2021-05-25,0.474,0.4830812,0.51539251,2021-05-25,0.412,0.45670811,0.47330087,2021-05-25,-999,0.43994647,0.50312416
"177",2021-05-30,0.4545,0.43481234,0.47029835,2021-05-30,0.467,0.50078588,0.51538865,2021-05-30,0.32,0.44455344,0.47329974,2021-05-30,0.4275,0.44345906,0.50310277
"178",2021-06-04,-999,0.43755748,0.47028474,2021-06-04,-999,0.49753816,0.51538476,2021-06-04,0.387,0.41995683,0.47329858,2021-06-04,0.457,0.42800229,0.50308162
"179",2021-06-09,0.413,0.44320599,0.4702711,2021-06-09,0.518,0.51640748,0.51538086,2021-06-09,0.34,0.34575054,0.4732974,2021-06-09,0.5085,0.4666385,0.50306069
"180",2021-06-14,-999,0.45981798,0.47025742,2021-06-14,-999,0.51406147,0.51537692,2021-06-14,-999,0.36397157,0.47329619,2021-06-14,0.45275,0.44903904,0.50303996
"181",2021-06-19,0.4265,0.46201307,0.47024367,2021-06-19,-999,0.50360208,0.51537295,2021-06-19,0.354,0.36090531,0.47329495,2021-06-19,0.401,0.44371254,0.50301943
"182",2021-06-24,-999,0.45513059,0.47022987,2021-06-24,0.508,0.49665169,0.51536894,2021-06-24,-999,0.40363897,0.47329366,2021-06-24,0.3105,0.46946875,0.50299908
"183",2021-06-29,0.52,0.45235312,0.47021601,2021-06-29,-999,0.4895497,0.51536488,2021-06-29,-999,0.41450304,0.47329234,2021-06-29,0.38,0.47282274,0.50297889
"184",2021-07-04,-999,0.42192879,0.47020207,2021-07-04,0.467,0.47478908,0.51536077,2021-07-04,0.439,0.40058636,0.47329098,2021-07-04,0.439,0.46995814,0.50295887
"185",2021-07-09,0.4215,0.41015363,0.47018806,2021-07-09,0.466,0.4798812,0.51535661,2021-07-09,0.42,0.40311105,0.47328956,2021-07-09,0.403,0.45780232,0.50293901
"186",2021-07-14,0.389,0.39738085,0.47017397,2021-07-14,0.169,0.46561824,0.51535239,2021-07-14,0.416,0.38085575,0.4732881,2021-07-14,0.4655,0.45589184,0.50291928
"187",2021-07-19,0.389,0.41106572,0.47015978,2021-07-19,0.465,0.47635188,0.5153481,2021-07-19,0.346,0.38365087,0.47328659,2021-07-19,0.402,0.43978146,0.50289969
"188",2021-07-24,0.3815,0.42054128,0.4701455,2021-07-24,0.54,0.46533131,0.51534375,2021-07-24,0.421,0.38493803,0.47328502,2021-07-24,0.4025,0.46041156,0.50288023
"189",2021-07-29,-999,0.45763536,0.47013112,2021-07-29,0.456,0.46985219,0.51533932,2021-07-29,-999,0.40655192,0.4732834,2021-07-29,-999,0.43295978,0.5028609
"190",2021-08-03,-999,0.44755545,0.47011664,2021-08-03,-999,0.4845745,0.51533482,2021-08-03,0.295,0.39145168,0.47328172,2021-08-03,0.4225,0.43885256,0.50284168
"191",2021-08-08,0.402,0.46096827,0.47010205,2021-08-08,-999,0.48923367,0.51533024,2021-08-08,0.412,0.39543077,0.47327998,2021-08-08,0.323,0.33817443,0.50282259
"192",2021-08-13,0.443,0.45784444,0.47008735,2021-08-13,-999,0.52378383,0.51532559,2021-08-13,-999,0.39608401,0.47327817,2021-08-13,0.211,0.38784423,0.50280361
"193",2021-08-18,0.371,0.46853755,0.47007255,2021-08-18,-999,0.522528,0.51532085,2021-08-18,0.368,0.40641615,0.47327631,2021-08-18,0.4015,0.4362715,0.50278474
"194",2021-08-23,-999,0.47676969,0.47005765,2021-08-23,0.523,0.51623987,0.51531603,2021-08-23,0.01,0.41407752,0.47327438,2021-08-23,0.4055,0.4750679,0.50276598
"195",2021-08-28,-999,0.47437321,0.47004265,2021-08-28,0.498,0.52983396,0.51531113,2021-08-28,-999,0.41918813,0.4732724,2021-08-28,0.4145,0.46216505,0.50274733
"196",2021-09-02,0.3865,0.46297145,0.47002757,2021-09-02,-999,0.53545878,0.51530614,2021-09-02,0.409,0.41602109,0.47327035,2021-09-02,-999,0.46518082,0.50272879
"197",2021-09-07,0.4065,0.45478295,0.4700124,2021-09-07,-999,0.53364917,0.51530107,2021-09-07,0.389,0.40959905,0.47326825,2021-09-07,-999,0.46459613,0.50271035
"198",2021-09-12,0.3955,0.44658515,0.46999717,2021-09-12,0.529,0.53253857,0.51529592,2021-09-12,0.381,0.4140514,0.47326608,2021-09-12,0.453,0.46483762,0.50269202
"199",2021-09-17,0.3535,0.4194633,0.46998187,2021-09-17,0.509,0.54047782,0.51529069,2021-09-17,-999,0.41051762,0.47326386,2021-09-17,0.4685,0.46052857,0.5026738
"200",2021-09-22,-999,0.39261962,0.46996652,2021-09-22,-999,0.54748822,0.51528538,2021-09-22,-999,0.3984652,0.47326157,2021-09-22,-999,0.45214566,0.50265568
"201",2021-09-27,0.365,0.39586373,0.46995114,2021-09-27,-999,0.55569173,0.51528,2021-09-27,0.424,0.39400295,0.47325924,2021-09-27,0.391,0.4501857,0.50263767
"202",2021-10-02,0.361,0.39818082,0.46993573,2021-10-02,-999,0.53828182,0.51527455,2021-10-02,0.381,0.40172136,0.47325685,2021-10-02,0.4485,0.45324579,0.50261976
"203",2021-10-07,-999,0.41019739,0.46992032,2021-10-07,0.549,0.53726094,0.51526904,2021-10-07,-999,0.40867411,0.47325441,2021-10-07,-999,0.46575153,0.50260196
"204",2021-10-12,-999,0.416821,0.4699049,2021-10-12,-999,0.49514929,0.51526346,2021-10-12,-999,0.42952675,0.47325192,2021-10-12,-999,0.47183643,0.50258428
"205",2021-10-17,0.455,0.43243997,0.46988951,2021-10-17,0.507,0.48543393,0.51525783,2021-10-17,-999,0.43402957,0.47324938,2021-10-17,-999,0.47971971,0.50256671
"206",2021-10-22,-999,0.43644033,0.46987415,2021-10-22,-999,0.47064713,0.51525214,2021-10-22,0.483,0.43755664,0.4732468,2021-10-22,-999,0.48790515,0.50254925
"207",2021-10-27,-999,0.44712152,0.46985883,2021-10-27,-999,0.48158883,0.51524641,2021-10-27,-999,0.45210983,0.47324417,2021-10-27,0.5305,0.51444643,0.50253191
"208",2021-11-01,0.511,0.46176091,0.46984356,2021-11-01,-999,0.48703783,0.51524063,2021-11-01,-999,0.46618237,0.47324149,2021-11-01,-999,0.51626668,0.50251469
"209",2021-11-06,-999,0.46034228,0.46982835,2021-11-06,-999,0.50542904,0.5152348,2021-11-06,-999,0.49340394,0.47323877,2021-11-06,0.5225,0.52254064,0.50249759
"210",2021-11-11,-999,0.46343213,0.46981321,2021-11-11,0.404,0.52290265,0.51522894,2021-11-11,-999,0.50717667,0.473236,2021-11-11,-999,0.53341923,0.50248061
"211",2021-11-16,0.5495,0.47517559,0.46979814,2021-11-16,-999,0.51364821,0.51522304,2021-11-16,0.475,0.52422477,0.47323318,2021-11-16,-999,0.54522353,0.50246375
"212",2021-11-21,0.4915,0.48265502,0.46978314,2021-11-21,-999,0.50662984,0.51521712,2021-11-21,-999,0.53524088,0.47323031,2021-11-21,-999,0.5482764,0.50244702
"213",2021-11-26,-999,0.49166453,0.46976822,2021-11-26,0.527,0.5185424,0.51521117,2021-11-26,0.569,0.54372372,0.4732274,2021-11-26,0.574,0.55867852,0.5024304
"214",2021-12-01,-999,0.50081959,0.46975337,2021-12-01,-999,0.53267124,0.5152052,2021-12-01,-999,0.55347982,0.47322444,2021-12-01,-999,0.56179888,0.50241391
"215",2021-12-06,-999,0.54241958,0.4697386,2021-12-06,0.664,0.53881262,0.51519922,2021-12-06,0.54,0.57082374,0.47322142,2021-12-06,0.5335,0.56765721,0.50239753
"216",2021-12-11,0.466,0.44786732,0.4697239,2021-12-11,-999,0.55431566,0.51519324,2021-12-11,-999,0.58705223,0.47321836,2021-12-11,-999,0.57103071,0.50238127
"217",2021-12-16,-999,0.46278313,0.46970928,2021-12-16,0.56,0.55721151,0.51518725,2021-12-16,-999,0.58345371,0.47321526,2021-12-16,0.53225,0.59662657,0.50236513
"218",2021-12-21,-999,0.50361465,0.46969474,2021-12-21,-999,0.55920412,0.51518126,2021-12-21,-999,0.6000671,0.47321211,2021-12-21,-999,0.5989947,0.50234911
"219",2021-12-26,-999,0.57273236,0.46968028,2021-12-26,-999,0.56226777,0.51517528,2021-12-26,-999,0.60080041,0.47320891,2021-12-26,-999,0.57498382,0.50233321
