"","date","NDVI_hectareID_27","NDVI_sd_hectareID_27","NDVI_hectareID_26","NDVI_sd_hectareID_26","NDVI_hectareID_17","NDVI_sd_hectareID_17","NDVI_hectareID_24","NDVI_sd_hectareID_24","NDVI_hectareID_09","NDVI_sd_hectareID_09","NDVI_hectareID_11","NDVI_sd_hectareID_11","NDVI_hectareID_31","NDVI_sd_hectareID_31","NDVI_hectareID_07","NDVI_sd_hectareID_07","NDVI_hectareID_08","NDVI_sd_hectareID_08","NDVI_hectareID_12","NDVI_sd_hectareID_12","NDVI_hectareID_24","NDVI_sd_hectareID_24","NDVI_hectareID_25","NDVI_sd_hectareID_25","NDVI_hectareID_28","NDVI_sd_hectareID_28","NDVI_hectareID_18","NDVI_sd_hectareID_18","NDVI_hectareID_03","NDVI_sd_hectareID_03","NDVI_hectareID_30","NDVI_sd_hectareID_30","NDVI_hectareID_14","NDVI_sd_hectareID_14","NDVI_hectareID_04","NDVI_sd_hectareID_04","NDVI_hectareID_06","NDVI_sd_hectareID_06","NDVI_hectareID_20","NDVI_sd_hectareID_20","NDVI_hectareID_23","NDVI_sd_hectareID_23","NDVI_hectareID_05","NDVI_sd_hectareID_05","NDVI_hectareID_16","NDVI_sd_hectareID_16","NDVI_hectareID_01","NDVI_sd_hectareID_01","NDVI_hectareID_21","NDVI_sd_hectareID_21","NDVI_hectareID_02","NDVI_sd_hectareID_02","NDVI_hectareID_15","NDVI_sd_hectareID_15","NDVI_hectareID_13","NDVI_sd_hectareID_13","NDVI_hectareID_22","NDVI_sd_hectareID_22","NDVI_hectareID_19","NDVI_sd_hectareID_19","NDVI_hectareID_10","NDVI_sd_hectareID_10","NDVI_hectareID_29","NDVI_sd_hectareID_29"
"1",2018-12-17,NA,NA,0.807614,0.039857,0.836105,0.019098,0.875505,0.023368,0.831688,0.031461,NA,NA,0.880853,0.01698,0.887402,0.025219,0.875751,0.014661,NA,NA,0.860229,0.019136,0.863766,0.020389,0.877564,0.021253,0.542462,0.081045,0.844759,0.085622,0.886148,0.024493,NA,NA,0.906142,0.010691,0.680815,0.059262,0.758383,0.072048,0.681614,0.051944,0.851896,0.027858,0.863806,0.019765,0.879137,0.015588,0.813199,0.083012,0.473156,0.114244,0.859171,0.016688,0.64801,0.083688,0.879611,0.012527,0.778973,0.04301,0.815668,0.047239,0.868114,0.018197
"2",2018-12-22,NA,NA,NA,NA,NA,NA,0.767879,0.087746,NA,NA,0.594197,0.012659,0.330789,0.069041,NA,NA,NA,NA,NA,NA,NA,NA,NA,NA,0.719381,0.037629,NA,NA,0.801827,0.016649,0.865697,0.024493,0.21675,0.015245,0.812732,0.035525,0.274325,0,NA,NA,0.503466,0.060981,NA,NA,NA,NA,0.810838,0.024428,NA,NA,0.629889,0.080331,0.669094,0.063528,NA,NA,NA,NA,NA,NA,NA,NA,0.841523,0.013688
"3",2018-12-27,NA,NA,NA,NA,NA,NA,NA,NA,NA,NA,NA,NA,NA,NA,NA,NA,NA,NA,NA,NA,NA,NA,NA,NA,NA,NA,NA,NA,NA,NA,NA,NA,0.21019,0.01264,NA,NA,NA,NA,NA,NA,NA,NA,NA,NA,NA,NA,NA,NA,NA,NA,NA,NA,NA,NA,NA,NA,NA,NA,NA,NA,NA,NA,0.572114,0.029926
"4",2019-01-01,0.773839,0.015984,0.567513,0.109999,0.382404,0.03574,0.802442,0.022031,0.776246,0.037848,0.573618,0.02633,0.803884,0.024394,0.814982,0.023012,NA,NA,NA,NA,0.633246,0.02195,0.786052,0.022026,NA,NA,NA,NA,0.733746,0.037891,0.799312,0.027132,NA,NA,NA,NA,NA,NA,NA,NA,0.77247,0.048174,0.652941,0.031203,NA,NA,0.620891,0.02145,0.728528,0.029899,NA,NA,0.44823,0.087341,0.782648,0.01949,0.807005,0.013467,0.547698,0.065754,0.539854,0,NA,NA
"5",2019-01-06,NA,NA,NA,NA,0.361845,0,NA,NA,0.711327,0.070352,0.776228,0.064702,0.863125,0.016219,0.840516,0.023543,0.861618,0.019652,0.8353,0.017827,NA,NA,NA,NA,NA,NA,0.432004,0.15812,NA,NA,0.702689,0.064227,0.556314,0.007173,NA,NA,0.689385,0.053401,NA,NA,NA,NA,NA,NA,0.726145,0.078507,NA,NA,NA,NA,NA,NA,0.832109,0.017875,NA,NA,NA,NA,0.760833,0.025413,0.811252,0.047813,NA,NA
"6",2019-01-11,NA,NA,NA,NA,NA,NA,NA,NA,NA,NA,NA,NA,0.847832,0.022989,NA,NA,0.84222,0.019167,0.123907,0,NA,NA,NA,NA,NA,NA,NA,NA,0.775309,0.018716,NA,NA,NA,NA,NA,NA,NA,NA,NA,NA,0.673516,0.023711,NA,NA,NA,NA,0.703878,0.058076,NA,NA,NA,NA,NA,NA,0.828843,0.016915,0.808928,0.019209,NA,NA,NA,NA,NA,NA
"7",2019-01-21,0.86168,0.019425,NA,NA,0.872312,0.015613,NA,NA,0.844302,0.021893,0.855677,0.017218,0.88835,0.015663,NA,NA,0.875,0.010097,0.729228,0.021853,0.870484,0.019977,0.898289,0.012008,0.887763,0.015101,0.720709,0.042738,NA,NA,0.894172,0.017846,NA,NA,NA,NA,NA,NA,0.856071,0.020698,0.845302,0.019349,NA,NA,0.877568,0.01663,0.820453,0.016037,0.864785,0.013449,0.729765,0.072381,0.859489,0.013981,NA,NA,0.840125,0.020319,NA,NA,0.0387,0.007947,0.790658,0.159006
"8",2019-01-26,0.520592,0,NA,NA,0.770857,0.146856,0.875328,0.016551,0.84589,0.055143,0.822937,0.020405,0.886964,0.015507,0.575082,0.042672,0.831301,0.059268,NA,NA,NA,NA,0.689546,0.122341,0.83378,0.038057,0.548509,0.087229,0.88113,0.014214,0.888693,0.018923,0.851632,0.016387,0.887771,0.009314,0.86504,0.019527,0.177174,0.068552,0.749243,0.026957,0.868341,0.018394,0.843459,0.019236,0.868006,0.016333,0.757036,0.084093,NA,NA,NA,NA,0.770245,0.05911,0.771037,0.04276,0.877715,0.013383,0.376196,0.072232,0.872848,0.019204
"9",2019-01-31,0.863402,0.017248,0.874344,0.030211,0.877077,0.014541,0.890671,0.018305,0.872761,0.022014,0.853972,0.025525,0.896326,0.014978,0.89202,0.028601,0.881403,0.011065,0.869854,0.011924,0.863067,0.031251,0.901972,0.012366,0.886972,0.015455,0.609113,0.197325,0.88274,0.014163,0.891828,0.017198,0.861624,0.016807,NA,NA,0.831025,0.018135,0.865462,0.01949,NA,NA,NA,NA,0.852906,0.018439,0.287194,0.110611,0.872663,0.012477,0.854395,0.066404,NA,NA,NA,NA,0.890978,0.014301,0.673741,0,0.533469,0.079967,0.881103,0.019086
"10",2019-02-05,NA,NA,0.797897,0.204954,NA,NA,0.86692,0.01884,0.873827,0.025929,0.849918,0.018572,0.637266,0.071978,0.776774,0.063239,0.848379,0.012949,0.865407,0.014354,0.764386,0.069369,0.853718,0.014622,0.830396,0.029599,0.847972,0.016103,0.873775,0.015066,0.441778,0.052327,0.798612,0.020995,0.858542,0.03131,0.87402,0.017376,0.808772,0.027169,0.851927,0.020571,0.87444,0.018342,0.736773,0.139118,0.872355,0.015083,NA,NA,0.887603,0.079824,0.678053,0.131194,0.709578,0.030387,0.788539,0.04863,0.638362,0.128263,0.820417,0.054664,0.4388,0.104517
"11",2019-02-10,NA,NA,NA,NA,0.783044,0.023803,0.249833,0.139305,0.843813,0.02148,0.659664,0.036525,0.637274,0.042038,NA,NA,0.842265,0.011539,0.511468,0.050665,0.636507,0.02765,NA,NA,NA,NA,0.520938,0.12216,0.84282,0.012785,NA,NA,0.51963,0.100281,0.849929,0.013738,0.83258,0.023249,0.545659,0.120426,0.667539,0.031877,0.831787,0.018246,0.597651,0.210562,0.763282,0.018555,0.652914,0.027265,0.689063,0.092076,0.711733,0.045403,NA,NA,NA,NA,0.7975,0.023737,0.623899,0.071608,NA,NA
"12",2019-02-15,0.653975,0.032571,0.621016,0.031144,NA,NA,NA,NA,0.692913,0.031998,0.708668,0.042554,0.823176,0.016193,0.843923,0.023994,NA,NA,NA,NA,NA,NA,0.834636,0.010879,NA,NA,0.756619,0.040732,0.715355,0.019893,NA,NA,0.557003,0.025825,NA,NA,0.780535,0.02983,0.805391,0.018166,0.394366,0.072931,NA,NA,0.716465,0.044994,0.791755,0.038643,0.601154,0.049519,NA,NA,0.766992,0.029449,NA,NA,0.627324,0.048098,NA,NA,NA,NA,NA,NA
"13",2019-02-20,0.846554,0.017756,0.852758,0.031165,0.865487,0.014642,0.875282,0.020143,0.838268,0.022023,0.842556,0.015668,0.877273,0.016023,0.851194,0.020575,0.835791,0.01495,0.849155,0.011499,0.863433,0.019414,0.885023,0.009608,0.871774,0.016515,0.847909,0.014166,0.852937,0.013227,0.87631,0.019142,0.852662,0.018015,0.865244,0.009958,0.837336,0.017683,0.842962,0.017328,0.854969,0.016693,0.837445,0.019185,0.867554,0.012168,0.824088,0.014385,0.860283,0.012109,0.849006,0.07028,0.850978,0.015047,0.861088,0.01673,0.877222,0.014615,0.871225,0.011723,0.832133,0.036922,0.860777,0.020001
"14",2019-02-25,0.834691,0.017725,0.852158,0.030712,0.877305,0.016009,0.878569,0.019555,0.884356,0.023052,0.868565,0.018136,0.867563,0.014591,0.891029,0.022879,0.882216,0.012053,0.87134,0.01739,0.868835,0.021427,0.880025,0.009518,0.85033,0.01547,0.864029,0.015203,0.883646,0.01468,0.843126,0.024637,0.867692,0.022181,0.891755,0.010477,0.884126,0.018741,0.857765,0.018853,0.867148,0.016372,0.887531,0.021294,0.885328,0.015314,0.877008,0.015724,0.866748,0.011535,0.885823,0.079679,0.865956,0.017267,0.871639,0.018058,0.884156,0.017416,0.885484,0.011856,0.862606,0.041288,0.835161,0.024794
"15",2019-03-02,0.807928,0.016185,0.808426,0.03292,0.673067,0.017923,0.816199,0.017465,NA,NA,0.724173,0.027305,0.875206,0.014602,NA,NA,0.754403,0.026294,0.783506,0.011226,0.753964,0.026706,0.626607,0.01995,NA,NA,0.773129,0.014962,NA,NA,0.87188,0.026325,0.7481,0.016976,0.660627,0.024214,NA,NA,0.784,0.017077,0.808811,0.017897,0.8046,0.021548,0.685035,0.217223,0.781133,0.029067,0.605864,0.023265,0.254902,0.228959,NA,NA,0.635409,0.021217,0.656813,0.093512,NA,NA,NA,NA,0.852942,0.023176
"16",2019-03-07,0.750233,0.211254,NA,NA,0.79401,0.088588,NA,NA,NA,NA,NA,NA,NA,NA,NA,NA,0.694699,0.047398,NA,NA,0.872334,0.01741,0.801543,0.053962,0.870323,0.015812,0.842517,0.015077,0.865781,0.01983,NA,NA,0.823969,0.113971,NA,NA,0.582229,0.02001,0.788377,0.048334,NA,NA,0.8547,0.020226,NA,NA,0.86261,0.0144,0.829847,0.018912,0.452665,0.035967,NA,NA,NA,NA,NA,NA,NA,NA,NA,NA,0.819469,0.02564
"17",2019-03-12,0.753397,0.018599,NA,NA,0.286612,0,0.474812,0.022789,0.858407,0.024587,NA,NA,0.742116,0.079425,0.888987,0.018017,0.866839,0.011331,0.865486,0.010478,NA,NA,0.650987,0.093534,0.875342,0.014655,0.880959,0.014277,NA,NA,0.890404,0.01805,0.480061,0.139918,0.895303,0.009958,0.603521,0.163961,0.737364,0.081788,0.453815,0.085034,0.891164,0.0213,NA,NA,NA,NA,0.832536,0.019891,0.885911,0.073108,0.847987,0.020547,NA,NA,0.606509,0.088379,0.836287,0.037344,NA,NA,0.863639,0.023098
"18",2019-03-17,0.834311,0.016055,0.82675,0.030553,0.754312,0.032888,0.852264,0.021022,0.594371,0,0.802077,0.028516,0.685527,0.04383,NA,NA,0.621831,0.109897,0.839571,0.018543,0.664316,0.178647,0.864669,0.035173,0.850339,0.020551,0.827042,0.113595,NA,NA,0.748663,0.092216,0.789775,0.015673,0.884881,0.01009,0.863978,0.054525,0.819515,0.0224,0.839703,0.018192,0.849178,0.026474,0.588028,0.101004,0.86005,0.014399,0.802564,0.018462,0.675484,0.165835,0.709302,0.186727,0.369085,0.082698,0.850342,0.018206,NA,NA,0.749365,0.029372,0.792094,0.041117
"19",2019-03-27,0.826486,0.020424,0.465686,0.122923,0.821467,0.044548,0.857831,0.017958,0.322126,0.139137,NA,NA,0.86296,0.020152,0.870357,0.020142,0.806218,0.035518,NA,NA,0.867912,0.01276,0.864146,0.015129,0.868342,0.016349,NA,NA,0.77301,0.030252,0.821358,0.1058,0.830659,0.024229,0.606911,0.149848,0.745828,0.10136,0.253814,0.10127,0.847897,0.016494,NA,NA,NA,NA,0.636161,0.060997,0.641529,0.113826,0.861718,0.070217,0.795487,0.030849,0.808073,0.026301,0.727626,0.085086,0.860947,0.012897,NA,NA,0.869909,0.017365
"20",2019-04-01,0.837739,0.018975,0.842525,0.029688,0.790769,0.016376,0.814783,0.073724,0.864711,0.02067,0.64,0.089612,0.712645,0.124766,0.727167,0,NA,NA,NA,NA,0.759352,0.029654,0.858506,0.01074,NA,NA,NA,NA,NA,NA,NA,NA,NA,NA,NA,NA,NA,NA,NA,NA,NA,NA,0.605634,0.128171,NA,NA,0.662708,0.109801,0.784151,0.029885,0.863819,0.06558,NA,NA,0.579015,0.161866,0.416014,0.124748,0.862577,0.011495,0.794136,0.063162,NA,NA
"21",2019-04-06,0.69616,0.166102,0.616458,0.22263,0.869748,0.013665,NA,NA,0.843318,0.057921,NA,NA,0.772245,0.067573,0.429,0.070255,NA,NA,0.824471,0.055358,0.827596,0.024945,NA,NA,NA,NA,0.849645,0.018427,0.86082,0.034869,NA,NA,0.857046,0.014496,NA,NA,0.873802,0.015823,NA,NA,0.841563,0.015842,0.715737,0.085955,0.884849,0.010675,NA,NA,0.388478,0.167898,0.868387,0.069786,0.227535,0.031139,0.637101,0.117767,NA,NA,0.742394,0.090563,0.848037,0.03101,NA,NA
"22",2019-04-16,NA,NA,NA,NA,NA,NA,NA,NA,0.795037,0.024311,0.804467,0.020774,NA,NA,NA,NA,0.810196,0.016056,0.602099,0.066533,NA,NA,NA,NA,0.127072,0.013926,NA,NA,0.84089,0.067154,NA,NA,0.779182,0.113584,0.839092,0.029639,0.821382,0.045486,NA,NA,NA,NA,0.864334,0.019992,NA,NA,NA,NA,NA,NA,NA,NA,NA,NA,NA,NA,NA,NA,NA,NA,0.775436,0.137336,NA,NA
"23",2019-04-21,0.85061,0.016598,0.795876,0.05504,NA,NA,0.876565,0.027152,0.827892,0.022383,NA,NA,NA,NA,0.889515,0.018242,NA,NA,0.723932,0.066812,0.241443,0,0.829269,0.016263,0.852428,0.017024,0.520154,0.004262,NA,NA,NA,NA,0.797549,0.043486,0.317376,0.080071,0.877746,0.015567,0.858529,0.012412,0.846964,0.055633,0.856952,0.030443,0.670246,0.15629,0.872106,0.015591,0.836292,0.02134,NA,NA,0.631569,0.005713,0.815983,0.020801,NA,NA,0.892063,0.010193,0.614118,0.094756,0.762935,0
"24",2019-04-26,0.826584,0.016636,0.520953,0.167514,0.82205,0.018514,NA,NA,0.748011,0.122294,NA,NA,NA,NA,0.859762,0.019482,NA,NA,0.602081,0.107142,0.767883,0.048165,0.856679,0.013455,NA,NA,NA,NA,NA,NA,NA,NA,NA,NA,NA,NA,0.790383,0.032396,NA,NA,0.527036,0.102707,0.809892,0.031755,0.744898,0.024227,0.814651,0.025527,0.471264,0.180369,0.843201,0.060845,NA,NA,NA,NA,NA,NA,0.820945,0.020078,0.680812,0.032503,NA,NA
"25",2019-05-01,NA,NA,0.807932,0.030852,0.830573,0.065631,NA,NA,0.843045,0.017992,0.833248,0.018546,NA,NA,0.75351,0,NA,NA,0.746826,0.146597,NA,NA,NA,NA,0.657524,0.034996,0.83583,0.013902,NA,NA,NA,NA,0.513258,0.041208,NA,NA,NA,NA,NA,NA,0.753173,0.094957,0.82988,0.023537,0.24186,0.036197,NA,NA,NA,NA,NA,NA,0.815694,0.019962,NA,NA,NA,NA,NA,NA,NA,NA,0.824296,0.021095
"26",2019-05-06,0.620535,0.032879,0.566563,0.027199,NA,NA,0.686758,0.056837,0.639473,0.025626,NA,NA,NA,NA,NA,NA,NA,NA,NA,NA,NA,NA,NA,NA,NA,NA,NA,NA,NA,NA,NA,NA,NA,NA,NA,NA,NA,NA,NA,NA,0.370643,0.014418,NA,NA,NA,NA,0.786629,0.080919,NA,NA,NA,NA,NA,NA,NA,NA,NA,NA,NA,NA,NA,NA,NA,NA
"27",2019-05-11,NA,NA,NA,NA,0.756376,0.074839,0.678079,0.085267,0.844089,0.027122,0.85994,0.01668,0.865939,0.014271,0.881555,0.019454,0.852745,0.014958,0.845261,0.0288,NA,NA,NA,NA,0.811092,0.041246,0.853237,0.013364,NA,NA,0.861523,0.043266,0.846786,0.020464,0.884349,0.014204,0.871856,0.014431,0.813107,0.019181,0.783684,0.159899,0.867568,0.027364,0.850209,0.075052,0.777543,0.060387,0.6105,0.137049,0.87455,0.039365,0.848148,0.016947,0.783753,0.033019,0.879687,0.013407,0.859687,0.017533,0.708155,0.067659,0.840155,0.035601
"28",2019-05-21,0.078228,0,NA,NA,0.840608,0.016311,0.836923,0.024594,0.829579,0.017373,0.8141,0.018075,0.830349,0.019499,0.844144,0.022189,0.684875,0.016182,0.822769,0.014972,0.450403,0.033677,0.713957,0.058155,0.209321,0.167433,0.7543,0.032046,0.823967,0.026071,NA,NA,0.813193,0.015719,NA,NA,0.702122,0.023664,0.806248,0.03402,0.80178,0.018467,0.794493,0.042038,NA,NA,NA,NA,0.548217,0.099218,0.831079,0.043919,NA,NA,NA,NA,0.84147,0.016022,0.747228,0.058273,NA,NA,NA,NA
"29",2019-05-26,0.874793,0.018468,0.87579,0.032594,0.890585,0.016322,0.890962,0.017717,0.890235,0.015595,0.873,0.016888,0.897848,0.019584,0.893628,0.018234,0.886436,0.012542,0.87089,0.016724,0.892342,0.013832,0.894777,0.012661,0.886003,0.014756,0.878719,0.015301,0.762904,0.055403,0.904095,0.013899,0.87005,0.014984,0.896277,0.01345,0.885665,0.014444,0.881593,0.011737,0.87836,0.014307,0.888053,0.024827,0.885811,0.010308,0.882484,0.016975,0.878718,0.013938,0.88026,0.052826,0.867937,0.018883,0.877639,0.016853,0.895033,0.015001,0.890364,0.012035,0.872853,0.018549,0.885733,0.014517
"30",2019-05-31,0.879766,0.015776,0.877682,0.057913,0.903405,0.015236,0.905815,0.015692,0.896211,0.016794,0.889742,0.016454,0.913341,0.055882,0.811005,0.089704,0.860166,0.063858,0.894737,0.01342,0.875661,0.048917,0.832504,0.078833,0.902566,0.013798,0.892255,0.011257,0.911487,0.017015,0.90166,0.037545,0.888018,0.014072,0.714401,0.083984,0.889117,0.022889,0.886997,0.012674,0.897259,0.013892,0.902835,0.026192,0.915075,0.021077,0.894724,0.015655,0.900104,0.011617,0.912769,0.034622,0.890743,0.015649,0.682504,0.055961,0.727662,0.126687,0.896152,0.072217,0.877627,0.01956,0.831663,0.085315
"31",2019-06-05,NA,NA,NA,NA,NA,NA,NA,NA,0.998904,0.111952,NA,NA,0.916219,0.062909,NA,NA,NA,NA,NA,NA,NA,NA,NA,NA,NA,NA,NA,NA,NA,NA,NA,NA,NA,NA,NA,NA,NA,NA,NA,NA,NA,NA,NA,NA,NA,NA,NA,NA,NA,NA,NA,NA,NA,NA,NA,NA,NA,NA,0.998972,0.036647,NA,NA,NA,NA
"32",2019-06-10,0.883124,0.016938,NA,NA,0.897724,0.015649,0.901335,0.016904,0.76629,0.063182,NA,NA,0.474187,0.076589,0.890409,0.018802,NA,NA,NA,NA,0.714034,0.060419,0.575948,0.229311,NA,NA,NA,NA,NA,NA,0.909865,0.013648,NA,NA,0.317663,0.024932,NA,NA,NA,NA,0.885821,0.013375,NA,NA,NA,NA,0.87726,0.016887,NA,NA,NA,NA,0.871816,0.018945,NA,NA,0.82659,0.048143,0.86225,0.038782,NA,NA,0.713413,0.064025
"33",2019-06-20,0.849658,0.025353,NA,NA,0.87383,0.017767,0.884605,0.015702,0.815207,0.023497,0.82573,0.023772,0.900013,0.015435,0.442795,0.031817,0.86803,0.011559,NA,NA,0.89148,0.012524,0.893638,0.007989,NA,NA,0.884114,0.012452,0.791789,0.034159,0.756674,0.119851,0.803608,0.027414,0.817878,0.035454,0.842515,0.056508,0.861947,0.017861,0.84885,0.024427,0.724799,0.129586,0.854701,0.079033,0.85896,0.014646,0.88243,0.011514,0.80626,0.044957,0.7399,0.066264,0.770107,0.079182,0.785247,0.078534,0.737561,0.113392,NA,NA,0.782125,0.134719
"34",2019-06-25,0.901809,0.01777,0.905369,0.035093,0.913678,0.015755,0.918155,0.01707,0.914649,0.014367,0.901911,0.018336,0.921783,0.015449,0.910874,0.01845,0.908534,0.014252,0.903983,0.014767,0.915474,0.013483,0.920963,0.010886,0.826654,0.077773,0.903076,0.014068,0.918367,0.0135,0.801913,0.094728,0.900596,0.015744,0.924639,0.015567,0.909346,0.014729,0.907301,0.011417,0.908548,0.017511,0.914423,0.021508,0.91713,0.010321,0.907507,0.016133,0.911253,0.01218,0.914252,0.032481,0.901242,0.017022,0.902143,0.03098,0.923341,0.016407,0.918314,0.011522,0.89304,0.023258,0.918817,0.013622
"35",2019-06-30,0.713748,0.073326,0.888165,0.031932,0.660348,0.131468,0.903563,0.017672,NA,NA,0.460698,0.087389,0.908401,0.015809,0.885163,0.015542,0.859168,0.032566,0.887046,0.01362,0.847976,0.03874,0.358149,0,0.902678,0.014094,0.889493,0.029563,0.614549,0.010212,0.840848,0.056745,NA,NA,0.821484,0.054779,NA,NA,0.901994,0.0133,0.911824,0.016278,0.757333,0.045519,0.759356,0.026575,NA,NA,0.88021,0.051655,0.445535,0.073484,0.807253,0.034796,0.837522,0.017653,0.903659,0.018682,0.883648,0.016651,0.811381,0.032507,0.865171,0.033683
"36",2019-07-05,0.659989,0.238905,0.85703,0.034167,NA,NA,0.873638,0.018186,0.854172,0.023517,0.520278,0,0.8844,0.016546,NA,NA,0.846944,0.036407,0.835089,0.052563,NA,NA,0.879831,0.010396,NA,NA,0.847008,0.031274,0.862128,0.018085,0.848143,0.028414,0.8617,0.01717,0.881292,0.014523,0.844495,0.023491,0.678516,0.177466,0.86066,0.013982,0.356513,0.11925,0.297256,0.026569,0.842282,0.020863,0.455677,0.074826,0.857614,0.03473,0.866963,0.017099,0.821136,0.057972,0.877289,0.016888,0.835124,0.017194,0.564916,0.096521,0.82046,0.016532
"37",2019-07-15,0.891017,0.015671,0.896901,0.03384,0.903497,0.016205,0.906116,0.015484,0.906508,0.015892,0.888798,0.016659,0.913243,0.014965,0.899191,0.018971,0.890452,0.015271,0.890875,0.014292,0.902682,0.014731,0.911672,0.00958,0.907888,0.01661,0.891326,0.013123,0.90703,0.013765,0.918746,0.012753,0.886959,0.017033,0.90872,0.017363,0.898262,0.014008,0.900766,0.012888,0.894274,0.015712,0.903835,0.020176,0.905395,0.009231,0.890777,0.020093,0.900512,0.013138,0.903478,0.033714,0.887446,0.017842,0.892887,0.018059,0.909885,0.015148,0.905289,0.011757,0.88216,0.016115,0.901174,0.014825
"38",2019-07-20,NA,NA,NA,NA,NA,NA,0.727755,0.046774,NA,NA,0.686197,0.024659,0.725979,0.039634,0.595049,0.020306,0.601148,0.035133,0.474308,0.025692,0.688782,0.055566,NA,NA,0.546149,0,0.549043,0.020861,NA,NA,NA,NA,0.485078,0.021705,NA,NA,0.808232,0.017052,NA,NA,0.595458,0.026533,NA,NA,0.666201,0.090683,NA,NA,NA,NA,NA,NA,0.733898,0.022619,NA,NA,NA,NA,0.761327,0.039742,0.628458,0.05047,NA,NA
"39",2019-07-25,NA,NA,0.622395,0.097632,NA,NA,0.816145,0.022953,0.599102,0.084804,0.462323,0.046814,0.193574,0.046891,NA,NA,NA,NA,0.630322,0.089062,0.875362,0.017993,0.695304,0.113263,NA,NA,0.500662,0.028838,NA,NA,-0.006695,0.020472,NA,NA,0.758689,0.030254,NA,NA,0.569482,0.076217,0.751189,0.056006,0.59849,0.033345,NA,NA,0.431517,0.032336,NA,NA,0.446138,0.03563,0.817781,0.091363,NA,NA,0.540459,0.033,0.741739,0.073377,0.405352,0.025886,NA,NA
"40",2019-07-30,0.872515,0.016651,0.884374,0.032765,0.894703,0.014661,0.860587,0.062687,0.401279,0.121545,0.866679,0.03287,0.90408,0.016264,0.870474,0.026424,0.877699,0.01638,0.881897,0.014954,0.8763,0.020223,0.899783,0.010478,0.896227,0.016,0.870484,0.016142,0.897845,0.013405,0.899504,0.014342,0.623229,0.105167,0.79527,0.102054,0.843065,0.037791,0.889955,0.010896,0.842521,0.073156,0.888842,0.018271,0.889433,0.054315,0.845932,0.026562,0.880704,0.014774,0.628767,0.108523,0.439024,0.043085,0.848062,0.0174,0.799471,0.107919,0.896166,0.013895,0.792576,0.098309,0.870466,0.022637
"41",2019-08-04,NA,NA,NA,NA,NA,NA,NA,NA,NA,NA,NA,NA,NA,NA,0.151811,0.027952,NA,NA,NA,NA,NA,NA,NA,NA,NA,NA,NA,NA,NA,NA,NA,NA,NA,NA,NA,NA,NA,NA,NA,NA,NA,NA,NA,NA,NA,NA,NA,NA,NA,NA,NA,NA,NA,NA,NA,NA,NA,NA,NA,NA,NA,NA,NA,NA
"42",2019-08-09,NA,NA,0.499669,0.042786,0.905532,0.012844,NA,NA,NA,NA,NA,NA,NA,NA,NA,NA,NA,NA,NA,NA,0.85421,0.033129,NA,NA,NA,NA,0.650877,0.104225,NA,NA,NA,NA,NA,NA,NA,NA,NA,NA,0.359135,0.038489,0.639911,0.091373,NA,NA,NA,NA,0.512943,0.07839,0.625786,0.061974,NA,NA,0.724202,0.074581,NA,NA,NA,NA,NA,NA,NA,NA,NA,NA
"43",2019-08-14,0.837602,0.034037,0.853953,0.029336,NA,NA,0.873314,0.016122,0.785666,0.029656,0.826962,0.014917,0.874476,0.055439,0.671815,0.138385,0.747592,0.049605,0.765902,0.018888,0.002996,0.006787,NA,NA,NA,NA,NA,NA,0.823319,0.052467,0.867731,0.02466,0.816261,0.020986,0.853419,0.018867,0.861126,0.013309,NA,NA,0.759379,0.212575,0.764169,0.201705,NA,NA,0.85953,0.021171,NA,NA,0.792169,0.043557,0.306907,0.151298,0.700202,0.161536,0.873218,0.01597,0.160444,0.100976,0.84868,0.016851,0.855882,0.013341
"44",2019-08-19,0.883263,0.017852,0.885837,0.028145,0.894052,0.020202,0.896657,0.017424,0.860109,0.072495,0.456046,0.1701,0.91368,0.016083,0.665888,0.02862,0.874291,0.020216,0.878218,0.014549,0.859913,0.072119,0.846216,0.03377,0.906007,0.015654,0.871743,0.056531,0.835144,0.096745,0.911543,0.013477,0.876855,0.019056,0.903585,0.017263,0.89281,0.013851,0.9,0.010885,0.890973,0.013543,0.898667,0.0189,0.884908,0.029041,0.584485,0.122902,0.897094,0.012293,0.871969,0.051806,0.868515,0.058566,0.850251,0.030382,0.693082,0.092074,0.817492,0.095682,0.877513,0.016025,0.896193,0.012926
"45",2019-08-24,NA,NA,NA,NA,0.479835,0.067044,NA,NA,NA,NA,NA,NA,NA,NA,NA,NA,NA,NA,NA,NA,NA,NA,NA,NA,NA,NA,NA,NA,0.547565,0.057351,NA,NA,NA,NA,0.637761,0.029879,NA,NA,NA,NA,NA,NA,0.619574,0.024954,NA,NA,NA,NA,NA,NA,NA,NA,NA,NA,0.716461,0.026808,NA,NA,NA,NA,NA,NA,NA,NA
"46",2019-09-03,0.300458,0.123854,0.629563,0.108299,0.870048,0.014896,0.766379,0.04681,0.860654,0.019649,0.7117,0.07279,0.889999,0.017772,0.85189,0.02568,0.410169,0.081408,0.422324,0.072965,0.861001,0.014594,0.704698,0.118035,0.842059,0.144628,0.52652,0.054527,0.711748,0.023915,0.667426,0.016084,0.802392,0.024314,0.863186,0.020181,0.854234,0.013192,0.851628,0.011883,0.860536,0.012995,0.797409,0.025191,0.856603,0.017523,0.804636,0.037742,0.861499,0.012605,0.795155,0.079141,NA,NA,0.791364,0.05741,0.862008,0.01556,0.823194,0.081495,0.84487,0.023423,0.718011,0.096498
"47",2019-09-13,0.819991,0.051143,0.850129,0.028229,0.706022,0.055531,0.783155,0.086747,0.813141,0.021731,NA,NA,0.882094,0.016544,0.860133,0.022136,0.795636,0.119899,0.246565,0.113093,NA,NA,0.727908,0.084067,0.842105,0.019563,0.849885,0.012767,0.874191,0.016556,0.850283,0.06335,NA,NA,0.823812,0.058113,0.823562,0.042928,0.83822,0.030186,NA,NA,0.841276,0.024506,NA,NA,0.818885,0.032227,0.647059,0.117938,0.551792,0.093892,0.733735,0.0971,NA,NA,0.829306,0.021898,0.829871,0.026014,0.820956,0.025676,0.864571,0.012193
"48",2019-09-18,NA,NA,NA,NA,NA,NA,NA,NA,0.829641,0.026084,0.688376,0.089591,NA,NA,NA,NA,0.525467,0.057957,NA,NA,NA,NA,0.510388,0.08964,NA,NA,NA,NA,NA,NA,NA,NA,NA,NA,0.778226,0.04374,NA,NA,NA,NA,NA,NA,0.817873,0.025444,0.588982,0.060745,NA,NA,NA,NA,0.794559,0.05059,NA,NA,NA,NA,NA,NA,NA,NA,NA,NA,NA,NA
"49",2019-10-03,0.730572,0.125318,NA,NA,NA,NA,NA,NA,0.814416,0.025886,0.713391,0.079815,NA,NA,0.776648,0.065688,0.834154,0.016192,NA,NA,NA,NA,NA,NA,0.820647,0.028912,NA,NA,0.826914,0.023765,0.672422,0.028843,0.626518,0.104066,NA,NA,0.833178,0.014982,NA,NA,0.625312,0.110459,NA,NA,0.275431,0.072342,0.686275,0.113201,0.644125,0.058981,0.676999,0.086734,NA,NA,NA,NA,0.692558,0.105913,NA,NA,NA,NA,0.80928,0.018915
"50",2019-10-08,0.016423,0.006072,NA,NA,0.874166,0.02259,NA,NA,NA,NA,NA,NA,NA,NA,NA,NA,NA,NA,NA,NA,NA,NA,NA,NA,NA,NA,NA,NA,NA,NA,NA,NA,NA,NA,0.554173,0,0.607203,0.009887,0.918188,0.021507,NA,NA,NA,NA,NA,NA,NA,NA,0.86275,0.021292,NA,NA,NA,NA,NA,NA,NA,NA,NA,NA,NA,NA,NA,NA
"51",2019-10-13,0.561488,0.108102,0.787319,0.080279,0.847287,0.01522,0.354071,0.003165,0.118644,0.105989,0.121019,0.038751,0.804413,0.052767,NA,NA,0.674704,0.065836,0.756666,0.035729,0.833282,0.017406,0.850231,0.013149,0.832722,0.0792,0.822128,0.026462,NA,NA,NA,NA,0.064819,0,NA,NA,0.735109,0.081078,0.516098,0.130733,NA,NA,0.669334,0.113269,0.834213,0.013589,NA,NA,0.844407,0.020881,-0.047784,0.085425,0.82112,0.015825,0.824697,0.019087,0.665538,0.110925,0.848411,0.018361,0.791482,0.039933,0.691735,0.12527
"52",2019-10-18,NA,NA,NA,NA,NA,NA,NA,NA,0.786489,0.031184,0.705375,0.029893,0.512393,0.073782,NA,NA,NA,NA,0.602694,0.115163,NA,NA,NA,NA,NA,NA,NA,NA,NA,NA,0.610667,0.063377,NA,NA,0.838851,0.015069,NA,NA,NA,NA,NA,NA,0.830869,0.019112,0.636872,0.085294,NA,NA,NA,NA,0.783771,0.042384,0.710549,0.025654,NA,NA,NA,NA,NA,NA,NA,NA,0.725157,0.065347
"53",2019-10-28,NA,NA,0.63974,0.088495,0.674079,0.029445,0.857161,0.020852,0.839372,0.019481,0.676582,0.055841,0.87118,0.016581,0.74878,0.06075,NA,NA,0.824383,0.017489,0.839034,0.016988,0.856134,0.013811,0.852954,0.054949,0.237432,0.195573,NA,NA,0.868651,0.022171,0.820146,0.018138,0.851181,0.014289,NA,NA,NA,NA,0.84324,0.012711,0.801764,0.055386,NA,NA,NA,NA,NA,NA,0.804118,0.028398,NA,NA,0.819986,0.017991,0.503344,0.054345,0.803005,0.038947,NA,NA,0.85614,0.015835
"54",2019-11-07,0.823532,0.019396,NA,NA,NA,NA,0.826922,0.02596,0.843467,0.01941,0.63893,0.086647,NA,NA,0.849368,0.019593,0.466859,0.164647,0.826551,0.025263,0.620087,0.080453,NA,NA,0.840725,0.01625,0.821501,0.017321,NA,NA,NA,NA,0.823491,0.015661,0.862259,0.012142,0.840431,0.021426,0.835712,0.013379,0.663147,0.064014,0.855128,0.017414,0.827424,0.022376,0.849219,0.018355,0.604261,0.057223,NA,NA,0.791486,0.038755,0.829111,0.018725,0.84919,0.018309,0.785661,0.027545,NA,NA,0.720034,0.053934
"55",2019-11-12,0.728388,0.074632,0.835664,0.02821,0.787619,0.076128,0.586207,0.024283,0.823539,0.034641,0.819042,0.016556,0.786786,0.021633,0.850302,0.014661,0.684968,0.055037,0.81959,0.019794,NA,NA,0.73756,0.06025,0.77842,0.028904,0.804197,0.025163,0.640138,0.099784,NA,NA,0.796219,0.026154,0.848514,0.014656,0.837774,0.019172,NA,NA,0.75364,0.026062,0.837571,0.021912,0.822541,0.014651,0.835657,0.017201,0.664961,0.053346,NA,NA,0.816708,0.014151,0.652914,0.053387,0.757208,0.044116,0.822902,0.0172,NA,NA,0.805159,0.035271
"56",2019-11-22,NA,NA,NA,NA,NA,NA,NA,NA,0.613651,0.036443,NA,NA,NA,NA,0.790351,0.037486,NA,NA,NA,NA,0.639402,0.055661,NA,NA,NA,NA,NA,NA,NA,NA,0.333333,0,0.135066,0.066538,NA,NA,NA,NA,NA,NA,0.291425,0.160046,NA,NA,NA,NA,NA,NA,NA,NA,0.77884,0.038341,NA,NA,NA,NA,NA,NA,0.787983,0.017588,NA,NA,NA,NA
"57",2019-11-27,NA,NA,NA,NA,NA,NA,NA,NA,NA,NA,0.767925,0.011576,NA,NA,NA,NA,NA,NA,NA,NA,NA,NA,NA,NA,NA,NA,NA,NA,NA,NA,NA,NA,0.775669,0.032819,0.65798,0.04431,NA,NA,0.719133,0.03885,NA,NA,NA,NA,NA,NA,NA,NA,0.719336,0.060698,NA,NA,NA,NA,NA,NA,NA,NA,0.839642,0.016564,NA,NA,NA,NA
"58",2019-12-07,NA,NA,NA,NA,NA,NA,NA,NA,NA,NA,NA,NA,NA,NA,NA,NA,NA,NA,NA,NA,NA,NA,0.374145,0.015918,NA,NA,NA,NA,NA,NA,NA,NA,NA,NA,0.794025,0.016877,NA,NA,NA,NA,NA,NA,0.633246,0.031265,NA,NA,0.733256,0.019132,NA,NA,0.600778,0.054663,0.648352,0.037599,0.656515,0.062485,NA,NA,NA,NA,NA,NA,NA,NA
"59",2019-12-12,0.626308,0.067257,0.646811,0.050944,NA,NA,NA,NA,NA,NA,NA,NA,0.874104,0.020099,NA,NA,NA,NA,NA,NA,0.81491,0.046289,0.868506,0.017767,0.795969,0.129828,NA,NA,0.810545,0.102583,0.88307,0.015283,NA,NA,0.882652,0.012612,NA,NA,NA,NA,NA,NA,0.864669,0.021057,NA,NA,0.678669,0.066166,NA,NA,0.732194,0.049156,NA,NA,NA,NA,NA,NA,NA,NA,NA,NA,0.558338,0.044253
"60",2019-12-17,0.863735,0.019689,0.782301,0.043117,0.862193,0.021968,0.88106,0.025623,NA,NA,NA,NA,0.885023,0.017898,NA,NA,NA,NA,0.815104,0.04079,0.766908,0.087341,0.8872,0.019074,0.86789,0.031153,0.855521,0.025791,NA,NA,0.89129,0.016597,0.862234,0.019217,NA,NA,0.865997,0.012832,0.864717,0.01483,0.827227,0.062394,NA,NA,0.252673,0.008832,NA,NA,0.865778,0.017685,NA,NA,0.833668,0.022347,0.821988,0.026087,0.891516,0.018023,0.876628,0.017019,NA,NA,0.878694,0.015028
"61",2019-12-22,0.843197,0.024134,0.803175,0.086881,0.858239,0.016942,0.845339,0.0334,0.849943,0.032087,0.836594,0.019036,NA,NA,0.875767,0.014524,0.860765,0.011915,0.839635,0.014965,0.85182,0.019408,0.873784,0.019678,0.869295,0.01697,0.839615,0.026199,NA,NA,0.847312,0.030885,0.842995,0.01878,0.85992,0.037512,NA,NA,0.858231,0.01371,0.846549,0.016806,0.815935,0.040453,0.851859,0.015799,0.287695,0.029192,0.858214,0.016784,0.612694,0.03255,0.828251,0.021477,NA,NA,0.864842,0.017457,0.862562,0.018903,0.780577,0.025823,0.849569,0.018934
"62",2019-12-27,0.742364,0.02119,0.699653,0.027715,0.74584,0.015418,0.760355,0.024191,NA,NA,NA,NA,0.873625,0.020286,NA,NA,0.733333,0.020815,NA,NA,NA,NA,0.771361,0.013826,0.684156,0.015758,NA,NA,NA,NA,0.808269,0.02876,NA,NA,NA,NA,NA,NA,NA,NA,0.738044,0.013374,NA,NA,NA,NA,NA,NA,NA,NA,NA,NA,NA,NA,0.77901,0.01973,0.735301,0.017512,NA,NA,0.831791,0.019926,0.771268,0.018625
"63",2020-01-01,0.855661,0.023199,NA,NA,NA,NA,NA,NA,0.875851,0.02287,0.855965,0.018136,0.877724,0.02082,0.889865,0.015453,0.882706,0.011715,0.8631,0.014457,0.690433,0.039987,0.884874,0.01247,0.874862,0.017212,0.549671,0.095971,0.875825,0.021799,0.874132,0.020193,0.800165,0.022362,0.894243,0.011793,0.662018,0.058848,0.861546,0.015001,0.873774,0.014041,0.728684,0.095622,0.872935,0.017643,NA,NA,NA,NA,0.824568,0.034694,0.851444,0.015871,0.706892,0.104516,NA,NA,0.635945,0.115551,0.860095,0.020442,0.313629,0.081799
"64",2020-01-06,0.858023,0.017253,0.868636,0.027529,0.872214,0.015414,0.599308,0.140208,0.894876,0.019614,0.879662,0.016373,0.572432,0.145758,0.90304,0.014947,0.183968,0.009951,0.868077,0.013472,0.871849,0.016167,0.895142,0.02469,0.876186,0.017837,0.763037,0.024294,0.890807,0.0135,0.86142,0.02638,0.85381,0.031327,NA,NA,NA,NA,NA,NA,0.869864,0.012875,NA,NA,0.83559,0.028567,NA,NA,NA,NA,0.895202,0.026022,NA,NA,0.838283,0.029839,0.637302,0.007814,0.879665,0.020147,0.847329,0.024398,0.874972,0.013442
"65",2020-01-11,0.869289,0.017145,0.880671,0.026947,0.884005,0.016466,0.878558,0.022902,0.890191,0.019685,0.873722,0.016999,0.831395,0.018366,0.900609,0.013863,0.889269,0.008236,0.865447,0.020976,0.881985,0.015817,0.876219,0.069586,0.826267,0.042854,0.875721,0.019882,0.894399,0.014378,0.889385,0.014622,0.870752,0.018169,NA,NA,NA,NA,0.879518,0.01233,0.880561,0.015973,0.873962,0.071297,0.799142,0.057173,0.888813,0.014474,0.850737,0.021584,0.411014,0.006293,0.522113,0.057051,0.875655,0.020359,0.8904,0.01527,0.884645,0.016866,0.868722,0.018217,0.881075,0.014364
"66",2020-01-16,0.668258,0.020882,NA,NA,NA,NA,NA,NA,NA,NA,0.437616,0.021667,0.301028,0.036869,NA,NA,NA,NA,NA,NA,NA,NA,NA,NA,0.501104,0.056537,NA,NA,NA,NA,0.450206,0.046944,NA,NA,NA,NA,0.568794,0.03758,NA,NA,NA,NA,NA,NA,NA,NA,NA,NA,NA,NA,NA,NA,NA,NA,0.329775,0.041381,NA,NA,NA,NA,NA,NA,0.561052,0.049547
"67",2020-01-31,0.720388,0.05314,0.865602,0.024084,0.869178,0.013842,NA,NA,NA,NA,NA,NA,0.892845,0.012442,NA,NA,0.788211,0.031367,NA,NA,0.42554,0.150583,0.816741,0.014383,0.869539,0.022748,NA,NA,0.832649,0.016319,0.890468,0.015063,NA,NA,0.886973,0.01269,NA,NA,0.508604,0.122631,NA,NA,0.755757,0.164732,0.748513,0.055866,NA,NA,NA,NA,0.874716,0.026537,0.742469,0.049805,0.76869,0.061937,NA,NA,0.872482,0.013343,0.849182,0.017401,0.88106,0.013936
"68",2020-02-05,NA,NA,0.769032,0.038207,NA,NA,0.72591,0.047746,NA,NA,0.69723,0.061509,0.072258,0.053806,0.787407,0.01309,NA,NA,NA,NA,0.833161,0.015969,0.792061,0.042111,0.846154,0.022153,0.831154,0.034785,NA,NA,0.783863,0.129478,0.840811,0.019853,NA,NA,0.768129,0.055242,NA,NA,0.822531,0.015181,NA,NA,0.772206,0.018497,0.659996,0.013128,NA,NA,0.762431,0.02356,0.755187,0.025845,0.828731,0.023797,NA,NA,NA,NA,0.816247,0.017017,0.818864,0.019726
"69",2020-02-10,0.811341,0.017116,0.831531,0.037277,0.857671,0.017012,0.571912,0.041996,0.761263,0.046757,0.835384,0.031178,0.900077,0.011546,0.88198,0.016283,0.87098,0.009007,0.790539,0.026314,0.798333,0.077878,0.489755,0.036547,0.878316,0.021427,0.874533,0.022981,0.856127,0.015757,0.901039,0.014181,0.751831,0.020035,0.893326,0.013491,0.87909,0.01287,0.859891,0.021326,0.763552,0.052577,0.889089,0.024938,0.825303,0.02108,0.832608,0.01747,0.878061,0.012821,0.864977,0.025918,0.5787,0.034117,0.797429,0.022521,0.745824,0.103121,0.881201,0.012117,0.856635,0.017066,0.880985,0.019887
"70",2020-02-15,0.649661,0.10687,0.853365,0.02524,NA,NA,0.85627,0.020289,NA,NA,NA,NA,0.245355,0.03931,NA,NA,NA,NA,NA,NA,0.573053,0.050157,NA,NA,NA,NA,0.302663,0.023248,NA,NA,0.882156,0.063267,NA,NA,NA,NA,NA,NA,0.852725,0.014814,0.852917,0.013148,NA,NA,NA,NA,NA,NA,0.854367,0.012852,NA,NA,NA,NA,NA,NA,0.856087,0.015294,0.694459,0.083667,0.721683,0.049691,0.877328,0.020919
"71",2020-02-20,0.846019,0.014666,0.856599,0.025177,0.828472,0.051102,NA,NA,0.859268,0.031094,0.550483,0.111026,0.877805,0.012413,0.874665,0.019146,0.871734,0.010111,0.850191,0.030061,NA,NA,0.872522,0.011817,0.832944,0.04162,0.775002,0.022438,NA,NA,NA,NA,NA,NA,NA,NA,0.870798,0.016797,0.863396,0.012691,NA,NA,0.331823,0,0.873983,0.010461,0.629469,0.098034,0.865462,0.014528,0.756567,0.160104,NA,NA,0.812145,0.031101,0.869834,0.014905,0.424023,0.088059,0.850409,0.017185,0.766844,0.033305
"72",2020-02-25,NA,NA,NA,NA,0.814647,0.024161,NA,NA,NA,NA,NA,NA,0.474293,0.011541,NA,NA,NA,NA,NA,NA,NA,NA,0.845649,0.061459,0.879105,0.020291,0.82162,0.031753,NA,NA,NA,NA,NA,NA,NA,NA,NA,NA,NA,NA,NA,NA,NA,NA,NA,NA,NA,NA,0.844906,0.102378,NA,NA,NA,NA,NA,NA,NA,NA,NA,NA,NA,NA,0.866743,0.027279
"73",2020-03-01,NA,NA,0.743154,0.067185,0.881901,0.016775,0.907646,0.023506,0.893817,0.01513,0.867478,0.016847,0.900575,0.012322,0.867407,0.019211,0.857124,0.013054,NA,NA,0.882041,0.014146,0.902613,0.009802,0.846899,0.066413,0.786044,0.083319,0.791328,0.020052,0.677747,0.053312,0.868273,0.015668,0.301812,0.021519,0.812936,0.024261,0.855025,0.050929,NA,NA,0.829026,0.049523,NA,NA,0.850791,0.018569,0.842027,0.105845,NA,NA,0.861504,0.013954,0.792365,0.12335,0.882859,0.015274,0.882085,0.014667,0.83484,0.095154,0.504717,0.12091
"74",2020-03-31,NA,NA,NA,NA,NA,NA,NA,NA,0.836666,0.032474,0.756661,0.028861,0.181773,0,0.546818,0.087385,NA,NA,NA,NA,NA,NA,NA,NA,NA,NA,NA,NA,NA,NA,NA,NA,NA,NA,NA,NA,0.787656,0.056721,0.436471,0.069053,NA,NA,NA,NA,NA,NA,NA,NA,NA,NA,NA,NA,NA,NA,0.547288,0.112727,NA,NA,NA,NA,NA,NA,NA,NA
"75",2020-04-20,NA,NA,NA,NA,0.654909,0.095844,0.669935,0.034062,0.862052,0.030837,0.701519,0.03475,0.688138,0.063084,NA,NA,NA,NA,0.577129,0.053662,NA,NA,NA,NA,NA,NA,0.593203,0.048417,NA,NA,0.504613,0.031356,0.481177,0.029805,0.908051,0.013113,NA,NA,NA,NA,0.595225,0.033397,0.901782,0.02981,0.73278,0.030191,0.516205,0.035086,0.501442,0.020753,0.906345,0.014923,NA,NA,0.588416,0.068865,NA,NA,0.817974,0.053837,NA,NA,0.577465,0.000411
"76",2020-04-25,NA,NA,NA,NA,0.81046,0.023103,0.795122,0.033606,NA,NA,0.82368,0.032729,NA,NA,0.781893,0.035812,0.732805,0.03434,NA,NA,NA,NA,NA,NA,0.740164,0.094622,0.650675,0.027083,NA,NA,NA,NA,0.850507,0.013354,NA,NA,NA,NA,0.802017,0.067738,NA,NA,NA,NA,0.688437,0.134856,NA,NA,0.578947,0.070756,NA,NA,0.706956,0.024485,0.59352,0.133293,0.866456,0.014113,0.864267,0.011773,0.812982,0.037393,0.868466,0.012709
"77",2020-04-30,0.873881,0.015545,0.879266,0.029433,0.879445,0.018015,0.897275,0.015287,0.901618,0.013355,0.77381,0.081021,0.48986,0.178215,0.770893,0.080089,0.897886,0.007499,0.841561,0.019729,0.893397,0.016867,0.890458,0.017091,0.58481,0.145803,0.874206,0.016301,0.892382,0.017307,0.846315,0.135551,0.848527,0.020489,0.901043,0.012354,0.884728,0.013763,0.636128,0.083847,0.801096,0.094985,0.894122,0.024329,0.89705,0.009015,0.791769,0.102893,0.834711,0.017818,0.901965,0.012891,0.586877,0.085461,0.87955,0.013728,0.893489,0.017533,0.890784,0.011289,0.780897,0.032096,0.35539,0.087584
"78",2020-05-05,NA,NA,NA,NA,0.143464,0,0.718451,0.034592,0.777437,0.066096,NA,NA,0.853862,0.015391,0.751516,0.081378,0.80137,0.010163,NA,NA,0.681031,0.028232,0.788612,0.038206,0.834296,0.016789,0.678682,0.083152,NA,NA,NA,NA,NA,NA,NA,NA,0.655313,0.117446,NA,NA,NA,NA,NA,NA,NA,NA,NA,NA,0.576305,0.086235,0.648016,0.05685,0.705387,0.019734,NA,NA,NA,NA,0.719014,0.023743,NA,NA,0.762431,0.020102
"79",2020-05-10,0.471589,0.03224,NA,NA,0.873585,0.014552,0.598247,0.034532,0.874286,0.012693,0.841241,0.034431,0.385143,0,0.673179,0.036034,NA,NA,0.70745,0.090929,0.265265,0.021208,NA,NA,NA,NA,0.8353,0.015587,0.522796,0.083443,NA,NA,NA,NA,0.811383,0.022897,NA,NA,0.686315,0.0734,NA,NA,NA,NA,0.705131,0.074989,NA,NA,0.787657,0.076781,NA,NA,0.568234,0.057226,0.719239,0.032058,0.622428,0.046648,0.513243,0.071645,0.606855,0.028338,NA,NA
"80",2020-05-15,0.879746,0.014384,0.876866,0.022503,0.893759,0.014239,0.902226,0.014163,0.898121,0.01232,0.877228,0.016012,0.904902,0.011377,0.893454,0.015871,0.891261,0.009617,0.881124,0.015665,0.896241,0.015101,0.845198,0.080829,0.880933,0.058444,0.87013,0.020877,0.894779,0.01518,0.668354,0.142644,0.882652,0.012154,0.904011,0.013709,0.887931,0.01188,0.852897,0.01934,0.875376,0.023732,0.89432,0.026543,0.883928,0.028008,0.894293,0.013861,0.874547,0.050643,0.90242,0.012256,0.871947,0.01664,0.886991,0.013709,0.612353,0.073257,0.894719,0.009587,0.87923,0.011046,0.892783,0.01347
"81",2020-05-20,NA,NA,NA,NA,NA,NA,NA,NA,0.699913,0.027692,0.798073,0.022064,NA,NA,0.693116,0.030532,0.680982,0.129134,0.717218,0.03078,NA,NA,NA,NA,NA,NA,NA,NA,NA,NA,NA,NA,0.780143,0.017773,0.676061,0.030108,0.788847,0.016573,NA,NA,NA,NA,0.548299,0.052703,0.646614,0.037334,0.70751,0.018434,NA,NA,0.655729,0.030206,0.806064,0.022067,0.748639,0.021859,NA,NA,NA,NA,0.798747,0.022021,NA,NA
"82",2020-05-25,NA,NA,NA,NA,NA,NA,NA,NA,NA,NA,NA,NA,NA,NA,NA,NA,0.755234,0.012969,NA,NA,NA,NA,NA,NA,NA,NA,NA,NA,NA,NA,NA,NA,NA,NA,NA,NA,NA,NA,NA,NA,NA,NA,NA,NA,NA,NA,0.678886,0.022468,NA,NA,NA,NA,NA,NA,NA,NA,NA,NA,NA,NA,NA,NA,NA,NA
"83",2020-06-04,0.586113,0,NA,NA,NA,NA,NA,NA,0.846109,0.017601,0.622277,0.031333,0.305955,0.071984,0.773017,0.088375,0.843802,0.011684,NA,NA,NA,NA,NA,NA,0.848045,0.015302,NA,NA,NA,NA,0.858573,0.015753,NA,NA,0.541922,0.053458,0.80567,0.014658,NA,NA,NA,NA,0.778733,0.048524,0.697504,0.021609,NA,NA,NA,NA,NA,NA,0.589275,0.032642,NA,NA,NA,NA,NA,NA,NA,NA,0.844416,0.013292
"84",2020-06-09,0.888958,0.015269,0.898789,0.024533,0.897838,0.016313,0.910598,0.015453,0.912766,0.014309,0.625,0.087389,0.868181,0.072591,0.757028,0.051838,0.80627,0.089061,0.902192,0.01566,0.3248,0.032392,0.915146,0.01068,0.895983,0.01833,0.888992,0.015894,0.795407,0.09257,0.822729,0.050687,0.899154,0.0125,0.913655,0.014479,0.891578,0.035562,0.895863,0.013929,0.896896,0.014924,0.526658,0.061477,0.905858,0.008641,0.90587,0.015761,0.90094,0.013827,0.911887,0.013779,NA,NA,0.903168,0.013467,0.909835,0.015268,0.903817,0.011217,0.876926,0.029235,0.905493,0.012131
"85",2020-06-14,0.862779,0.024656,NA,NA,NA,NA,NA,NA,0.858129,0.023895,0.801611,0.035476,0.90649,0.013356,0.86276,0.015108,NA,NA,0.852754,0.020389,0.89463,0.011585,0.900414,0.009846,0.859593,0.021626,0.875071,0.014886,0.900184,0.017422,0.127493,0.022106,0.885403,0.013142,0.84522,0.02168,0.888577,0.010736,0.815135,0.102829,0.879945,0.048664,0.910597,0.026492,0.727797,0.094655,0.768951,0.03697,0.895137,0.016277,0.900945,0.015285,0.745242,0,0.885926,0.012011,NA,NA,NA,NA,0.83878,0.027203,0.903924,0.057155
"86",2020-06-19,NA,NA,0.722504,0.032716,NA,NA,0.772579,0.065046,NA,NA,NA,NA,NA,NA,NA,NA,NA,NA,NA,NA,NA,NA,NA,NA,NA,NA,NA,NA,NA,NA,NA,NA,NA,NA,NA,NA,NA,NA,NA,NA,NA,NA,NA,NA,NA,NA,NA,NA,NA,NA,NA,NA,NA,NA,NA,NA,0.959097,0.032715,NA,NA,NA,NA,NA,NA
"87",2020-06-24,0.903704,0.014392,0.905647,0.022548,0.90906,0.014293,0.920564,0.01426,0.925411,0.012,0.904117,0.014468,0.92362,0.012347,0.912496,0.015713,0.916117,0.009303,0.906925,0.014762,0.916185,0.012109,0.921412,0.010426,0.920455,0.012387,0.900611,0.014329,0.916348,0.01674,0.922613,0.011339,0.910213,0.011252,0.923272,0.015237,0.910898,0.013392,0.907359,0.014364,0.904585,0.014194,0.916416,0.027916,0.917318,0.008597,0.917113,0.016408,0.908074,0.012101,0.919842,0.0103,0.901438,0.015942,0.91038,0.012906,0.916834,0.014181,0.915733,0.011859,0.904626,0.011233,0.911527,0.01165
"88",2020-07-04,0.840653,0.020812,0.864662,0.023385,0.841195,0.025834,0.882087,0.017428,0.625571,0.070329,0.807099,0.067275,0.853875,0.018223,0.874283,0.016875,0.670215,0.118882,0.868392,0.015362,0.847713,0.01848,0.865621,0.012295,0.801341,0.019502,0.668047,0.167898,NA,NA,0.637108,0.06116,0.869847,0.012106,NA,NA,0.767426,0.021211,0.849975,0.042053,0.869776,0.013678,0.866941,0.02736,NA,NA,0.793687,0.020542,0.878191,0.012035,0.848897,0.0226,NA,NA,0.871354,0.014884,0.887288,0.014506,0.879421,0.011438,0.866512,0.013474,0.796931,0.020888
"89",2020-07-09,0.891727,0.015714,0.905237,0.038268,0.240899,0,0.852697,0.083355,0.912733,0.012203,0.897038,0.016148,0.91197,0.013762,0.895761,0.022835,0.904669,0.010183,0.877509,0.02367,0.781991,0.060935,0.910849,0.019379,0.737538,0.118661,0.714052,0.073445,0.664993,0.111952,0.888207,0.054454,0.824764,0.087588,0.901067,0.016866,0.901121,0.011738,0.795413,0.065339,0.892304,0.014612,0.903961,0.027507,0.629,0.043798,0.90658,0.045565,0.26702,0.080409,0.92787,0.017383,0.886424,0.019666,0.896674,0.013693,NA,NA,0.67547,0.074721,0.891461,0.012519,0.503587,0.06556
"90",2020-07-14,0.874716,0.019878,0.876276,0.023204,NA,NA,0.902427,0.016622,0.578169,0.162028,0.883212,0.034358,0.916309,0.01348,0.907877,0.016345,0.633385,0.024344,0.883327,0.019392,0.82848,0.028681,0.721799,0.097553,0.823152,0.05375,0.799692,0.033656,NA,NA,0.871119,0.041193,0.901629,0.012243,0.712248,0.154116,0.889866,0.012807,0.839226,0.022128,0.86771,0.018698,0.635726,0.041775,0.90393,0.036232,0.909505,0.015294,0.858934,0.01292,0.918442,0.022101,0.893269,0.019341,0.858607,0.076677,0.866289,0.013646,0.891463,0.011713,0.859282,0.020926,0.895892,0.017919
"91",2020-07-24,0.718954,0.087012,0.799057,0.062747,0.862613,0.01595,0.887472,0.014682,NA,NA,NA,NA,NA,NA,NA,NA,NA,NA,NA,NA,0.793034,0.11402,0.894273,0.01118,0.819847,0.096093,0.870815,0.014452,NA,NA,NA,NA,NA,NA,0.577252,0.06703,NA,NA,0.87172,0.011794,0.795349,0.039903,NA,NA,0.46786,0.009766,NA,NA,0.876881,0.011549,0.159774,0,NA,NA,NA,NA,0.845036,0.021325,0.88607,0.012939,NA,NA,0.723156,0.11397
"92",2020-07-29,NA,NA,NA,NA,0.429012,0,0.866667,0.043742,0.862951,0.0213,0.873248,0.013604,0.579797,0.042364,NA,NA,NA,NA,0.837955,0.036966,NA,NA,NA,NA,NA,NA,0.634035,0.17375,0.849343,0.021277,NA,NA,0.784528,0.095962,0.884917,0.01629,NA,NA,0.832971,0.069056,NA,NA,0.897008,0.027368,0.637661,0.076923,0.567932,0.114706,0.815428,0.057664,NA,NA,0.790142,0.053248,0.862535,0.019072,NA,NA,0.823826,0.01935,0.078448,0,NA,NA
"93",2020-08-03,0.155621,0.008261,NA,NA,NA,NA,NA,NA,NA,NA,NA,NA,0.88451,0.015204,0.754451,0.215956,0.866594,0.011554,NA,NA,NA,NA,0.114723,0.044319,NA,NA,NA,NA,0.844804,0.057322,0.544131,0.067637,NA,NA,0.880725,0.015054,0.868905,0.014435,NA,NA,NA,NA,0.555683,0.106882,NA,NA,0.836733,0.03336,NA,NA,0.498555,0.039085,NA,NA,0.227494,0,NA,NA,0.078275,0.021288,0.780228,0.076891,NA,NA
"94",2020-08-08,0.738411,0.052143,0.911655,0.019143,NA,NA,0.783476,0.056564,NA,NA,NA,NA,0.917426,0.014584,NA,NA,NA,NA,NA,NA,NA,NA,0.631369,0,NA,NA,NA,NA,NA,NA,0.901996,0.01331,0.759848,0.151178,NA,NA,NA,NA,NA,NA,0.726639,0.06734,NA,NA,NA,NA,NA,NA,NA,NA,NA,NA,NA,NA,0.349524,0,0.93665,0.011254,NA,NA,NA,NA,0.899209,0.013115
"95",2020-08-13,0.865996,0.022125,0.662514,0.085168,0.880548,0.014754,NA,NA,0.801616,0.030674,NA,NA,0.902683,0.013849,NA,NA,0.754977,0.144879,0.790721,0.083495,0.886614,0.011213,0.896742,0.01083,0.767593,0.070833,0.835177,0.045764,0.795817,0.063156,0.754368,0.089934,NA,NA,0.871302,0.016258,0.871733,0.011527,0.881522,0.012667,0.859679,0.017848,0.845129,0.027873,0.882065,0.009876,0.866927,0.013014,0.842271,0.019227,0.363064,0.114982,0.758722,0.050032,0.872073,0.018805,NA,NA,0.877653,0.021171,0.820782,0.026802,NA,NA
"96",2020-08-18,0.819949,0.077936,NA,NA,NA,NA,0.885646,0.015509,0.75278,0.315174,NA,NA,NA,NA,0.844387,0.03705,NA,NA,NA,NA,NA,NA,0.885916,0.011369,0.881176,0.019242,NA,NA,0.867882,0.018445,NA,NA,0.731116,0.000918,NA,NA,0.742038,0.053198,NA,NA,0.798144,0.073999,NA,NA,NA,NA,0.838364,0.030344,0.572254,0.153289,NA,NA,NA,NA,NA,NA,NA,NA,0.44473,0.024676,NA,NA,0.079261,0.009101
"97",2020-08-23,NA,NA,NA,NA,0.623083,0.057312,NA,NA,NA,NA,NA,NA,NA,NA,0.859775,0.046264,NA,NA,NA,NA,NA,NA,NA,NA,NA,NA,NA,NA,NA,NA,NA,NA,0.665319,0.037346,NA,NA,0.645141,0.111076,0.730629,0.021285,NA,NA,NA,NA,NA,NA,NA,NA,NA,NA,NA,NA,NA,NA,NA,NA,NA,NA,NA,NA,NA,NA,NA,NA
"98",2020-08-28,NA,NA,NA,NA,0.721717,0.017139,0.857147,0.014924,0.778457,0.025056,0.755211,0.052535,0.831224,0.047516,0.838341,0.020539,0.439995,0.022394,0.721704,0.038523,NA,NA,NA,NA,NA,NA,NA,NA,NA,NA,NA,NA,0.675676,0,0.835502,0.019151,0.846575,0.012534,0.797689,0.019547,NA,NA,0.850149,0.02339,NA,NA,0.813793,0.027308,NA,NA,0.636525,0.074733,NA,NA,0.846406,0.015989,0.719136,0.05686,NA,NA,0.76893,0.045567,NA,NA
"99",2020-09-02,0.704787,0.092786,0.854887,0.016673,NA,NA,0.869447,0.015375,NA,NA,NA,NA,0.316336,0.213947,0.842136,0.016451,0.83387,0.027979,0.798476,0.140593,NA,NA,0.856359,0.014485,NA,NA,0.73757,0.023109,0.863506,0.016519,0.879631,0.013415,0.852389,0.013147,NA,NA,0.855831,0.01211,NA,NA,0.848971,0.013302,NA,NA,NA,NA,0.54539,0,NA,NA,NA,NA,NA,NA,0.853719,0.012687,0.862545,0.014983,0.863465,0.01401,0.853886,0.013545,0.875033,0.011147
"100",2020-09-07,NA,NA,NA,NA,NA,NA,NA,NA,NA,NA,NA,NA,NA,NA,NA,NA,NA,NA,0.189329,0,NA,NA,0.809759,0.047955,0.688216,0.035922,NA,NA,NA,NA,NA,NA,NA,NA,0.614143,0.124622,0.627993,0.156202,NA,NA,NA,NA,NA,NA,0.869369,0.019966,0.051859,0.04292,NA,NA,NA,NA,NA,NA,0.512446,0.080233,NA,NA,NA,NA,NA,NA,NA,NA
"101",2020-09-12,0.76083,0.079806,0.822989,0.020411,0.781838,0.040165,0.824201,0.017053,NA,NA,0.541925,0.000135,0.853301,0.015002,NA,NA,0.809234,0.010287,NA,NA,0.834736,0.014559,NA,NA,0.846072,0.01684,0.782129,0.015507,NA,NA,0.843254,0.02826,0.752657,0.052013,0.801527,0.020557,0.821978,0.014909,0.487968,0.049103,0.815809,0.013704,0.662569,0.028416,NA,NA,NA,NA,NA,NA,NA,NA,0.720034,0.071607,0.702412,0.025063,NA,NA,0.783738,0.026812,NA,NA,0.842185,0.013419
"102",2020-09-17,0.767635,0.024816,0.864956,0.01795,0.869022,0.016467,NA,NA,0.625,0.117862,0.85902,0.016504,0.854606,0.017355,0.469495,0.1157,0.586912,0.04149,0.865365,0.019501,0.874207,0.013408,0.498053,0.048375,0.88256,0.014952,0.836278,0.043185,0.758427,0.087556,0.809091,0.021917,0.860667,0.013274,0.869457,0.016289,NA,NA,0.688204,0.067124,0.803581,0.08309,0.879379,0.021171,0.810945,0.019814,0.86753,0.022759,0.601732,0.128424,0.855729,0.029769,0.867504,0.015159,0.866451,0.016757,0.387255,0,0.857831,0.025058,0.868539,0.013375,0.874232,0.014756
"103",2020-09-22,NA,NA,NA,NA,NA,NA,NA,NA,NA,NA,NA,NA,NA,NA,NA,NA,NA,NA,NA,NA,NA,NA,NA,NA,NA,NA,NA,NA,0.76594,0.039489,NA,NA,NA,NA,NA,NA,NA,NA,NA,NA,NA,NA,NA,NA,NA,NA,NA,NA,NA,NA,NA,NA,NA,NA,NA,NA,NA,NA,NA,NA,0.626283,0,NA,NA
"104",2020-09-27,0.852222,0.029904,NA,NA,0.859673,0.016291,0.72081,0.092096,0.873897,0.013185,0.760438,0.063883,NA,NA,0.870816,0.021856,NA,NA,0.833526,0.033691,0.866776,0.01224,0.850115,0.024603,NA,NA,0.832635,0.01792,0.87921,0.019271,0.838424,0.056519,0.806191,0.019085,0.871125,0.016797,0.872327,0.013144,0.71376,0.102485,0.672549,0.085239,0.843797,0.043226,0.82669,0.082908,0.864329,0.024193,0.865879,0.011193,0.863669,0.018425,0.818681,0.066227,0.863983,0.017233,0.871347,0.014183,0.58721,0.078964,0.829574,0.0527,0.852399,0.028784
"105",2020-10-02,0.844332,0.013868,0.70838,0.027773,0.77275,0.042619,0.856793,0.017933,NA,NA,NA,NA,0.857685,0.016921,0.601498,0.053081,NA,NA,NA,NA,0.804918,0.01595,0.863521,0.013891,0.822001,0.035662,0.836159,0.016233,0.848968,0.01897,0.876255,0.015568,NA,NA,NA,NA,0.85029,0.013483,0.433748,0.050019,0.818118,0.019952,0.837499,0.023694,NA,NA,0.809982,0.034174,0.752809,0.102034,NA,NA,NA,NA,NA,NA,0.853403,0.013236,0.854241,0.013607,0.80064,0.061304,0.857699,0.013898
"106",2020-10-07,0.802555,0.019278,0.797101,0.018601,0.812093,0.019397,0.813982,0.017718,0.826281,0.014466,0.800917,0.014666,0.821535,0.016871,0.814127,0.019629,0.808569,0.012703,0.803006,0.018291,0.809202,0.015152,0.820587,0.015129,0.818075,0.016345,0.797419,0.016472,0.817164,0.022681,0.826922,0.015673,0.807811,0.015822,0.815834,0.017963,0.815705,0.015309,0.808814,0.012669,0.801504,0.013916,0.81764,0.024615,0.814305,0.014835,0.800245,0.026897,0.812178,0.013192,0.808195,0.022032,0.797672,0.017047,0.807808,0.019724,0.82356,0.015536,0.815568,0.014589,0.802921,0.015377,0.808397,0.02012
"107",2020-10-17,0.695173,0.024297,0.744259,0.022628,NA,NA,0.648246,0.024892,0.764355,0.02367,NA,NA,0.57624,0.068577,0.74158,0.022294,NA,NA,0.670969,0.062403,NA,NA,NA,NA,NA,NA,NA,NA,0.750288,0.024087,NA,NA,NA,NA,0.745776,0.038754,0.709581,0.024938,NA,NA,NA,NA,0.441187,0.071177,NA,NA,0.690423,0.069269,NA,NA,0.763319,0.025567,NA,NA,NA,NA,NA,NA,NA,NA,NA,NA,0.114104,0.135998
"108",2020-10-22,NA,NA,0.739139,0.09941,NA,NA,0.429032,0.040463,0.865913,0.012676,0.847942,0.014474,0.55794,0.042591,0.631923,0,0.834313,0.015785,0.826887,0.033592,0.868383,0.016661,NA,NA,0.946459,0.039449,0.635367,0.022185,NA,NA,0.3962,0.04532,NA,NA,0.865928,0.017824,0.376712,0.025506,NA,NA,NA,NA,0.749173,0.061462,0.851985,0.018671,NA,NA,NA,NA,0.801355,0.04278,0.512997,0.040428,0.264217,0.001736,NA,NA,0.32621,0.048295,NA,NA,NA,NA
"109",2020-10-27,0.708253,0.018436,0.671438,0.027697,NA,NA,NA,NA,NA,NA,NA,NA,NA,NA,NA,NA,0.636387,0.022815,0.646806,0.018703,0.700376,0.016572,0.730677,0.014447,0.57543,0.075856,NA,NA,NA,NA,NA,NA,0.676082,0.01571,NA,NA,NA,NA,0.58657,0.007571,0.595389,0.043227,NA,NA,NA,NA,NA,NA,0.666012,0,0.548309,0,NA,NA,0.708317,0.018909,0.724737,0.018308,NA,NA,0.628187,0.024692,0.333333,0.012943
"110",2020-11-01,NA,NA,NA,NA,NA,NA,NA,NA,NA,NA,NA,NA,NA,NA,NA,NA,NA,NA,NA,NA,NA,NA,NA,NA,NA,NA,NA,NA,NA,NA,NA,NA,NA,NA,NA,NA,NA,NA,NA,NA,NA,NA,NA,NA,NA,NA,NA,NA,NA,NA,NA,NA,NA,NA,NA,NA,NA,NA,0.005162,0.002404,NA,NA,NA,NA
"111",2020-11-11,0.732997,0.019284,NA,NA,0.740447,0.015196,NA,NA,0.721307,0.018607,0.718966,0.014183,0.757756,0.108813,NA,NA,NA,NA,0.619643,0.034343,NA,NA,0.61423,0.058074,0.761825,0.015972,0.738902,0.014851,NA,NA,NA,NA,0.495909,0.041528,NA,NA,0.576674,0.036031,0.739435,0.01295,0.742116,0.018845,NA,NA,0.743209,0.013899,NA,NA,0.739653,0.011314,NA,NA,0.639611,0.076883,0.6295,0.075328,0.743704,0.031872,0.759538,0.012894,0.495561,0.05955,0.76504,0.014187
"112",2020-11-26,NA,NA,NA,NA,NA,NA,NA,NA,NA,NA,NA,NA,NA,NA,NA,NA,NA,NA,NA,NA,NA,NA,NA,NA,NA,NA,NA,NA,NA,NA,NA,NA,NA,NA,NA,NA,NA,NA,0.515808,0.000395,NA,NA,NA,NA,NA,NA,NA,NA,0.830616,0.044761,NA,NA,NA,NA,NA,NA,NA,NA,NA,NA,NA,NA,NA,NA
"113",2020-12-01,0.813355,0.03014,NA,NA,0.860069,0.014974,NA,NA,NA,NA,0.83875,0.012164,NA,NA,NA,NA,NA,NA,0.854127,0.020569,NA,NA,NA,NA,0.871083,0.016917,NA,NA,0.872173,0.013757,0.907819,0.012313,0.85384,0.013502,0.844973,0.063402,0.860633,0.040078,0.856238,0.01298,NA,NA,0.642727,0.11329,0.798544,0.02331,0.806644,0.137806,0.853127,0.011684,0.864943,0.0211,0.17312,0.010161,0.854782,0.01639,0.794105,0.031117,0.859776,0.010672,NA,NA,0.666517,0.078717
"114",2020-12-11,NA,NA,NA,NA,0.760605,0.015947,NA,NA,0.824176,0.015866,0.746552,0.019642,NA,NA,NA,NA,0.664025,0.099532,0.662944,0.109231,NA,NA,NA,NA,NA,NA,0.697897,0.017373,0.821381,0.01316,NA,NA,0.723508,0.040097,0.58294,0.07,0.803951,0.019221,NA,NA,NA,NA,NA,NA,0.68717,0.027618,0.794984,0.022243,NA,NA,0.797418,0.025111,0.689734,0.032685,0.741007,0.016987,NA,NA,NA,NA,0.742291,0.015137,NA,NA
"115",2020-12-16,0.836774,0.016512,0.830339,0.019633,0.8572,0.013958,0.821581,0.02714,NA,NA,0.46374,0.066944,0.862407,0.016718,0.801475,0.026372,0.601275,0.018141,NA,NA,0.819163,0.01799,0.821071,0.019314,0.838259,0.020455,0.76779,0.041434,0.75837,0.028667,0.862259,0.016868,0.637302,0.023067,0.482162,0.027378,NA,NA,0.826252,0.043932,0.799157,0.021097,0.569098,0.03446,0.786142,0.038416,NA,NA,0.839516,0.012189,NA,NA,NA,NA,0.451604,0.055508,0.485649,0.056103,0.734995,0.092502,0.699205,0.033429,0.831579,0.015211
"116",2021-01-10,NA,NA,NA,NA,NA,NA,NA,NA,0.786055,0.061088,0.839291,0.027688,NA,NA,0.886429,0.020052,NA,NA,0.486097,0.017186,NA,NA,NA,NA,NA,NA,0.633432,0.028735,0.881934,0.014065,NA,NA,0.469473,0.012288,0.878198,0.015136,0.845515,0.018328,NA,NA,NA,NA,0.870874,0.023921,0.590403,0.031288,0.621172,0.035655,NA,NA,0.84885,0.049224,0.863869,0.013372,NA,NA,NA,NA,NA,NA,0.447535,0.016693,NA,NA
"117",2021-01-20,0.649524,0.118677,0.530263,0.067915,NA,NA,0.891773,0.022152,0.580925,0,0.867371,0.015681,0.894672,0.017622,0.891891,0.017912,0.808254,0.218046,0.862531,0.017432,0.876202,0.018125,0.860127,0.069116,0.883585,0.01821,0.857365,0.021729,0.899652,0.015982,0.905179,0.060794,0.40745,0.071889,0.645352,0.114942,NA,NA,0.86694,0.013336,0.871268,0.015004,0.401802,0.110039,0.784135,0.166788,0.839992,0.018208,0.877294,0.012633,0.899644,0.01652,0.865373,0.010174,NA,NA,0.644292,0.157433,NA,NA,NA,NA,0.472947,0.233409
"118",2021-01-30,0.713135,0.091955,0.842351,0.055907,0.586237,0.064079,NA,NA,NA,NA,NA,NA,0.861785,0.024537,0.084707,0.013705,NA,NA,NA,NA,0.721429,0.044202,0.876101,0.013237,0.868893,0.018438,0.784756,0.022641,NA,NA,0.88835,0.011634,NA,NA,NA,NA,NA,NA,NA,NA,0.834681,0.020916,NA,NA,NA,NA,NA,NA,NA,NA,NA,NA,NA,NA,NA,NA,0.189223,0.148574,0.7737,0.015617,NA,NA,0.639879,0.17254
"119",2021-02-04,NA,NA,NA,NA,NA,NA,0.843407,0.019723,NA,NA,0.736486,0.029179,NA,NA,NA,NA,0.535622,0.033351,0.720568,0.079496,0.785714,0.10651,NA,NA,0.500315,0.103897,0.82105,0.020077,0.580045,0.085428,0.790822,0.070574,0.734904,0.035875,NA,NA,NA,NA,0.800475,0.051298,0.737402,0.099197,NA,NA,0.878937,0.011561,NA,NA,NA,NA,NA,NA,0.855407,0.012926,NA,NA,NA,NA,NA,NA,0.198061,0.013576,0.494922,0.071442
"120",2021-02-14,0.722952,0.023418,0.713649,0.085769,NA,NA,0.870746,0.019554,0.845996,0.018853,0.618233,0.063818,NA,NA,NA,NA,0.889364,0.009967,0.856778,0.016852,0.851896,0.014773,0.864785,0.013598,0.828833,0.026778,0.851774,0.018998,NA,NA,0.750376,0.019055,0.859888,0.014738,0.880299,0.019665,0.761589,0.106489,0.866461,0.012643,0.47094,0.093186,0.880014,0.023047,0.885884,0.011528,0.879176,0.017808,0.867567,0.011316,NA,NA,0.864362,0.014427,0.861669,0.019384,0.864888,0.026878,0.77055,0.104818,0.860667,0.015421,0.794705,0.058043
"121",2021-02-24,0.497196,0.02641,0.721164,0.046722,0.695741,0.036087,0.642899,0.096639,0.724754,0.083538,0.787899,0.079145,0.85873,0.038207,0.584906,0.136969,0.722323,0.032169,0.701288,0.041427,0.807026,0.021151,0.852893,0.050741,0.86959,0.020154,0.73682,0.059508,0.733597,0.038119,NA,NA,NA,NA,NA,NA,0.859672,0.017815,0.642287,0.080843,0.80979,0.069758,0.632894,0.092623,NA,NA,NA,NA,0.761943,0.044121,0.627564,0.029798,0.447517,0.044236,0.848983,0.013998,NA,NA,0.847228,0.029501,NA,NA,0.600972,0.154673
"122",2021-03-01,NA,NA,0.594169,0.014217,0.933016,0.015247,0.70654,0.033435,0.932091,0.021973,0.922815,0.019288,NA,NA,0.931883,0.019885,0.916248,0.012924,0.906708,0.015501,0.575766,0.010225,0.567519,0.00921,NA,NA,0.889441,0.019272,0.789357,0.026033,0.579401,0.006913,0.865533,0.014717,0.934404,0.013999,0.846785,0.012361,0.861045,0.014925,0.571882,0.010647,0.932403,0.021643,0.939875,0.018697,0.745584,0.022566,0.871442,0.010461,0.837549,0.011724,0.918224,0.013461,0.92856,0.012857,0.744877,0.014043,0.839647,0.011828,0.898494,0.011282,NA,NA
"123",2021-03-06,0.820597,0.016218,0.804444,0.016103,0.846108,0.014627,0.814716,0.020577,0.835876,0.017954,0.831705,0.016297,0.848894,0.015881,0.857185,0.020398,0.803971,0.013987,0.814179,0.013767,0.836753,0.012576,0.847824,0.01333,0.83029,0.021142,0.775776,0.017702,0.85861,0.01741,0.832253,0.013018,0.837656,0.013663,0.846893,0.014389,0.84884,0.015619,0.817727,0.013041,0.777778,0.013408,0.865055,0.019336,0.830393,0.011487,0.838529,0.017237,0.818737,0.012651,0.841632,0.015601,0.833739,0.013526,0.805859,0.013739,0.806111,0.023596,0.816684,0.013768,0.804033,0.01271,0.807935,0.015253
"124",2021-03-11,0.838889,0.035628,0.882575,0.019115,0.89182,0.014856,0.899511,0.019481,0.894779,0.02024,0.880152,0.014432,0.898247,0.016957,0.90185,0.020558,0.893307,0.01293,0.882082,0.013424,0.891828,0.013742,0.902859,0.016379,0.891301,0.020278,0.874408,0.020517,0.89108,0.017406,0.902474,0.011568,0.880704,0.013824,0.898601,0.01577,0.895265,0.017212,0.884267,0.013134,0.886993,0.01398,0.89286,0.021144,0.893875,0.010231,0.896219,0.016931,0.885287,0.013686,0.895567,0.018552,0.882136,0.013408,0.889406,0.011695,0.88652,0.025733,0.891847,0.014198,0.880105,0.011927,0.882503,0.014422
"125",2021-03-16,0.876789,0.013775,0.87018,0.046093,0.894254,0.01511,0.899077,0.018943,0.698634,0.093824,0.880539,0.016133,0.897162,0.015553,0.900015,0.024955,0.89236,0.013852,0.887861,0.014947,0.833947,0.054731,0.770477,0.095647,0.515884,0.033052,NA,NA,0.895814,0.016041,0.862978,0.094171,0.884934,0.013523,0.900592,0.015333,0.901462,0.016042,0.673803,0.083305,0.865783,0.038592,0.895953,0.022797,0.894698,0.018384,0.893147,0.017026,0.886122,0.014533,0.894225,0.017045,0.876014,0.015323,0.890836,0.012669,0.887337,0.027763,0.896247,0.014985,NA,NA,0.89916,0.017024
"126",2021-03-26,0.046719,0.10465,NA,NA,0.834985,0.054702,0.857464,0.022927,0.823931,0.08572,0.826374,0.096167,NA,NA,0.857806,0.040249,0.846301,0.04198,0.879514,0.013746,0.860555,0.054755,0.733733,0.230965,NA,NA,0.861184,0.022984,0.746781,0.024784,NA,NA,0.853846,0.026354,0.892271,0.014298,0.891,0.01714,0.696892,0.176642,NA,NA,0.881397,0.024111,0.88834,0.009723,0.843877,0.019711,0.881303,0.01355,NA,NA,0.815636,0.022074,0.093845,0.007672,0.710589,0.080272,0.887982,0.01433,NA,NA,0.637444,0.02632
"127",2021-03-31,0.846939,0.016834,0.759419,0.026759,0.874642,0.016509,0.859532,0.017543,0.877174,0.016093,0.854763,0.017166,0.877598,0.017135,0.871888,0.023276,0.858867,0.01685,0.860596,0.015838,0.864945,0.016496,0.722577,0.014589,0.874319,0.023262,0.857226,0.018045,0.877574,0.017012,0.884069,0.012406,0.864529,0.014764,0.871772,0.016142,0.870676,0.018558,0.865573,0.013027,0.857666,0.014347,0.876392,0.029892,0.872868,0.011311,0.866776,0.013143,0.845519,0.016298,0.872357,0.018297,0.853422,0.016433,0.863611,0.011978,0.793247,0.024989,0.878645,0.014383,0.85816,0.012591,0.86367,0.015911
"128",2021-04-10,0.764539,0.068108,NA,NA,NA,NA,NA,NA,NA,NA,NA,NA,0.180744,0.133832,0.676329,0.133221,0.869481,0.018605,0.857199,0.018709,NA,NA,NA,NA,0.817563,0.045917,NA,NA,NA,NA,0.889352,0.010639,0.134807,0,NA,NA,0.854093,0.015626,NA,NA,0.746652,0.018703,NA,NA,0.883693,0.010109,0.81709,0.070161,NA,NA,NA,NA,0.819544,0.044732,0.821358,0.073815,0.691722,0.114913,0.680414,0.079218,0.872013,0.011152,NA,NA
"129",2021-04-15,0.769213,0.031801,0.738951,0.022607,NA,NA,0.623175,0.049226,NA,NA,0.457416,0.035405,0.626183,0.010376,0.392319,0.022456,0.288055,0,0.434256,0.030833,0.761989,0.017438,0.721627,0.085374,0.732466,0.091532,0.725298,0.015767,NA,NA,0.817611,0.015396,NA,NA,0.67889,0.019017,NA,NA,0.707109,0.018261,0.736952,0.018864,0.533267,0.036849,NA,NA,NA,NA,0.710299,0.028677,NA,NA,NA,NA,NA,NA,0.593864,0.04112,NA,NA,NA,NA,0.796729,0.015921
"130",2021-04-20,0.86361,0.014773,0.88353,0.028443,NA,NA,0.652077,0.033625,NA,NA,NA,NA,0.876193,0.018465,NA,NA,NA,NA,NA,NA,NA,NA,0.884355,0.019992,0.879228,0.027558,NA,NA,NA,NA,0.887377,0.013474,NA,NA,NA,NA,NA,NA,NA,NA,NA,NA,NA,NA,NA,NA,NA,NA,NA,NA,NA,NA,NA,NA,NA,NA,NA,NA,NA,NA,NA,NA,0.881552,0.01531
"131",2021-04-25,0.802721,0.020566,0.494602,0.03439,0.641212,0.121016,0.864878,0.03348,0.814684,0.107359,0.815388,0.081239,0.887581,0.018188,0.773653,0.073841,0.879263,0.01316,0.856699,0.072878,0.872371,0.015222,NA,NA,0.865601,0.035871,0.865409,0.016029,0.770477,0.138325,0.846772,0.050481,0.7053,0.129385,0.839876,0.108579,0.866536,0.018129,0.366741,0.210024,0.870395,0.011978,0.872144,0.067761,NA,NA,0.88947,0.014104,0.873161,0.014577,0.891524,0.012612,0.864419,0.019079,0.804914,0.065218,0.661256,0.145681,0.88581,0.013926,0.6781,0.167115,0.622169,0.1281
"132",2021-05-05,0.436222,0.126918,0.864649,0.027222,0.416294,0.157251,0.884218,0.016897,NA,NA,0.864307,0.017389,NA,NA,0.85516,0.03701,0.26836,0.113106,0.835347,0.104348,0.87855,0.035508,0.816311,0.045186,0.882137,0.022999,0.824443,0.019411,NA,NA,0.87105,0.014086,0.852315,0.019431,0.638366,0.192021,0.868534,0.017567,0.821409,0.082009,NA,NA,0.132998,0,0.809152,0.073416,NA,NA,0.848518,0.046398,0.853835,0.033022,0.637205,0.081243,0.834611,0.027883,NA,NA,NA,NA,0.849201,0.053096,0.430303,0.122868
"133",2021-05-10,NA,NA,NA,NA,NA,NA,NA,NA,NA,NA,NA,NA,NA,NA,NA,NA,NA,NA,NA,NA,NA,NA,NA,NA,NA,NA,NA,NA,0.156038,0.015732,NA,NA,NA,NA,NA,NA,0.178143,0,NA,NA,NA,NA,NA,NA,NA,NA,NA,NA,NA,NA,NA,NA,NA,NA,NA,NA,NA,NA,0.126764,0.014689,NA,NA,NA,NA
"134",2021-05-15,NA,NA,NA,NA,0.744503,0.026834,NA,NA,0.818517,0.029223,0.731551,0.065057,0.779987,0.019028,0.704512,0.041785,NA,NA,0.667329,0.056098,NA,NA,NA,NA,NA,NA,0.777778,0.015302,NA,NA,0.802948,0.013674,0.653801,0.031976,NA,NA,0.82475,0.025979,NA,NA,NA,NA,0.662788,0.038573,0.483483,0.016874,0.393416,0.028496,NA,NA,NA,NA,0.507212,0.058194,0.789264,0.052974,NA,NA,0.556402,0.017713,0.470222,0.00631,0.767304,0.016213
"135",2021-05-20,0.647728,0.081247,0.508744,0.161609,0.759458,0.150352,0.860651,0.01753,0.884908,0.02723,0.86047,0.018236,0.653724,0.068996,0.884152,0.055053,0.877543,0.007783,0.869567,0.010758,0.878657,0.012998,0.860936,0.020867,0.873345,0.021207,0.865067,0.013604,0.699422,0.166086,0.868709,0.051981,0.867097,0.012609,0.679012,0.137737,0.674189,0.151161,0.858727,0.020419,0.625205,0.160256,0.805335,0.088011,0.887842,0.00924,0.883333,0.013508,0.261628,0.032706,0.894787,0.013348,0.862564,0.01699,0.871771,0.013012,0.871355,0.022073,0.883079,0.012469,0.815799,0.022121,0.870832,0.012497
"136",2021-05-25,0.839087,0.019337,0.841491,0.01812,0.517805,0.073216,NA,NA,NA,NA,0.739007,0.079392,0.796578,0.044,0.855207,0.024942,0.758163,0.028741,NA,NA,0.7054,0.082801,0.869518,0.010698,0.837617,0.022777,0.7026,0.021795,NA,NA,0.743504,0.021944,NA,NA,0.835854,0.022232,0.780785,0.052829,NA,NA,0.571969,0.118512,0.699765,0.111087,0.642442,0.061375,0.720219,0.087011,NA,NA,0.708353,0.166052,0.803121,0.135875,0.830709,0.013934,0.357143,0.088248,NA,NA,NA,NA,NA,NA
"137",2021-05-30,0.86889,0.015129,0.870781,0.01711,0.727585,0.232445,0.890412,0.014673,0.900914,0.015333,0.885513,0.015657,0.898079,0.016592,0.897007,0.023221,0.876667,0.021023,0.880619,0.01067,0.887334,0.014408,0.536965,0.178501,0.877658,0.022912,0.662139,0.122762,0.894346,0.020836,NA,NA,0.87971,0.011624,0.900229,0.013061,0.882336,0.028487,0.717602,0.00547,0.873303,0.015408,0.881331,0.021322,0.898831,0.009582,0.885512,0.016892,0.871835,0.025432,0.903496,0.009763,0.75929,0.085029,0.875765,0.014543,0.885094,0.01775,0.869957,0.095416,0.434908,0.169841,0.876777,0.083678
"138",2021-06-09,0.718477,0.041959,0.244172,0.205646,0.778917,0.032767,0.241419,0,0.84512,0.016723,0.711882,0.026137,NA,NA,NA,NA,0.838719,0.01687,0.807232,0.023538,NA,NA,0.871207,0.010616,0.869492,0.02224,NA,NA,NA,NA,0.869051,0.012826,NA,NA,0.816124,0.049396,NA,NA,NA,NA,-0.002985,0.004712,0.841501,0.044512,NA,NA,0.808348,0.028921,0.658947,0.066855,0.746257,0.051546,0.74201,0.023792,0.855601,0.012602,0.644844,0.178993,0.802584,0.040238,0.843684,0.01175,0.851394,0.017937
"139",2021-06-14,NA,NA,NA,NA,NA,NA,NA,NA,NA,NA,NA,NA,NA,NA,NA,NA,NA,NA,NA,NA,NA,NA,NA,NA,NA,NA,NA,NA,0.68779,0.055859,NA,NA,NA,NA,NA,NA,NA,NA,NA,NA,NA,NA,NA,NA,NA,NA,NA,NA,NA,NA,NA,NA,NA,NA,NA,NA,NA,NA,NA,NA,NA,NA,NA,NA
"140",2021-06-24,NA,NA,0.856297,0.019387,NA,NA,0.872009,0.017684,0.877207,0.017393,0.804244,0.024613,0.368567,0,0.871749,0.023366,NA,NA,NA,NA,0.869855,0.01458,0.816903,0.032858,NA,NA,NA,NA,NA,NA,NA,NA,0.79661,0.042402,0.468186,0.10913,0.864029,0.017871,0.861997,0.016322,NA,NA,NA,NA,0.881055,0.0107,0.825571,0.057938,0.866407,0.012558,0.832478,0.09017,NA,NA,0.861588,0.01131,NA,NA,0.692403,0.12423,0.816754,0.020834,0.766693,0.056532
"141",2021-07-04,NA,NA,0.889301,0.021229,0.893495,0.019289,0.629886,0.154838,0.906441,0.016207,0.883944,0.018164,0.893131,0.02203,0.897878,0.023999,0.897839,0.011007,0.885943,0.012507,0.903227,0.013211,0.661001,0.092567,0.902051,0.024034,0.882088,0.0165,0.896646,0.017994,0.908955,0.020382,0.885467,0.015486,0.898522,0.016391,0.895894,0.015837,0.873284,0.015001,0.885508,0.014586,0.900752,0.019779,0.90149,0.011593,0.896167,0.017394,0.889888,0.01353,0.873874,0.095346,0.864876,0.024169,0.895424,0.013747,0.827225,0.057174,0.84962,0.036571,0.890352,0.013642,0.759315,0.133456
"142",2021-07-09,0.863469,0.017655,0.867027,0.019263,0.881046,0.016861,0.887519,0.016938,0.893165,0.016159,0.869335,0.017184,0.890185,0.015338,0.8786,0.024401,0.88177,0.010579,0.871021,0.011332,0.886922,0.014088,0.89074,0.010224,0.883523,0.022751,0.869338,0.016064,0.883415,0.019656,0.895993,0.02102,0.868023,0.013738,0.879585,0.016819,0.875256,0.016828,0.872625,0.014295,0.870367,0.015844,0.886036,0.021227,0.884603,0.010126,0.880144,0.016557,0.872794,0.012924,0.890849,0.013149,0.863115,0.016558,0.878141,0.01242,0.884035,0.016573,0.883145,0.015711,0.875674,0.014035,0.875199,0.015254
"143",2021-07-14,0.301194,0.187801,0.843534,0.017803,NA,NA,NA,NA,0.880283,0.066605,0.815603,0.024199,NA,NA,0.56802,0.135545,0.775595,0.014435,0.729387,0.096863,0.80176,0.030777,0.854132,0.035462,NA,NA,NA,NA,NA,NA,0.735089,0.053517,NA,NA,NA,NA,NA,NA,NA,NA,0.71705,0.157398,0.84554,0.029741,NA,NA,0.724183,0.0379,NA,NA,0.804173,0.019392,0.655362,0,0.817612,0.036182,NA,NA,NA,NA,0.809388,0.017975,0.713795,0.07201
"144",2021-07-19,0.776544,0.060699,0.872519,0.018736,0.883514,0.015977,0.894665,0.019119,0.860726,0.066363,0.871906,0.018112,0.858963,0.035148,0.832822,0.105264,0.86579,0.088454,0.874714,0.012723,0.520227,0.079297,0.891689,0.011318,0.703186,0.122313,0.654216,0.084338,0.88823,0.020782,NA,NA,0.870717,0.013056,0.890003,0.015755,0.753297,0.086629,0.863466,0.020039,0.87555,0.01543,0.887108,0.037515,0.884514,0.018291,0.804475,0.04357,0.866394,0.016588,0.802217,0.135788,0.866581,0.014978,0.851935,0.032837,0.881906,0.018206,0.878384,0.019768,0.874685,0.01292,0.868739,0.029909
"145",2021-07-24,NA,NA,0.032514,0,NA,NA,NA,NA,0.61764,0.109193,0.738605,0.048366,NA,NA,0.824119,0.024064,0.801318,0.024761,NA,NA,NA,NA,NA,NA,NA,NA,NA,NA,0.870228,0.020034,NA,NA,0.472892,0.078284,0.880123,0.017782,0.837715,0.017467,NA,NA,NA,NA,0.873838,0.026427,NA,NA,0.847817,0.017704,NA,NA,0.876571,0.015815,0.203196,0.051642,0.633285,0.030979,NA,NA,NA,NA,0.67366,0.056673,NA,NA
"146",2021-07-29,0.848713,0.016387,0.85027,0.017798,0.860169,0.017953,0.869853,0.017507,0.87064,0.016288,0.848424,0.016511,0.87663,0.018623,0.861898,0.026115,0.860772,0.012693,0.849261,0.013165,0.870966,0.014847,0.872876,0.011732,0.869953,0.02237,0.851427,0.01465,0.865125,0.020508,0.878169,0.019402,0.847984,0.01483,0.854109,0.020533,0.854525,0.017147,0.854395,0.014615,0.854805,0.017002,0.864549,0.022736,0.865292,0.010018,0.85853,0.014832,0.859228,0.012648,0.868846,0.014682,0.839641,0.019615,0.861577,0.012837,0.869875,0.017179,0.86314,0.016909,0.859173,0.01377,0.857645,0.01482
"147",2021-08-03,0.438964,0.072213,0.733084,0.063561,0.732837,0.017302,0.253516,0.031724,NA,NA,NA,NA,NA,NA,NA,NA,NA,NA,NA,NA,0.669024,0.055132,NA,NA,NA,NA,NA,NA,NA,NA,NA,NA,NA,NA,NA,NA,NA,NA,NA,NA,NA,NA,NA,NA,NA,NA,NA,NA,0.566772,0.039231,NA,NA,NA,NA,NA,NA,0.856326,0.016645,NA,NA,NA,NA,NA,NA
"148",2021-08-08,NA,NA,NA,NA,NA,NA,NA,NA,0.806166,0,0.912766,0.020703,0.886182,0.049427,0.751532,0.021229,NA,NA,0.969124,0.022067,NA,NA,0.96023,0.05468,NA,NA,NA,NA,NA,NA,NA,NA,NA,NA,NA,NA,0.39572,0.029255,NA,NA,NA,NA,0.767963,0.031539,NA,NA,0.620323,0.059466,NA,NA,0.93203,0.042513,0.912718,0.015293,NA,NA,NA,NA,0.789744,0.183456,NA,NA,0.620571,0.054966
"149",2021-08-13,NA,NA,NA,NA,0.638747,0,0.613574,0.140574,0.676225,0.031853,0.692308,0.030294,NA,NA,0.674419,0.032133,0.699023,0.028609,NA,NA,NA,NA,NA,NA,NA,NA,NA,NA,0.62963,0.030861,NA,NA,NA,NA,NA,NA,0.502523,0.086057,0.692824,0.060843,NA,NA,0.56338,0.01258,0.607531,0.118528,0.64571,0.026578,0.718657,0.020199,NA,NA,0.824474,0.024208,0.625966,0.10913,NA,NA,NA,NA,NA,NA,NA,NA
"150",2021-08-18,0.805075,0.025203,NA,NA,0.503215,0.147153,0.786679,0.050814,NA,NA,0.863489,0.017241,NA,NA,0.912189,0.026742,0.722737,0.010578,0.833101,0.015412,0.552605,0.120821,0.742355,0.025049,NA,NA,0.573517,0.093682,0.801856,0.034101,NA,NA,0.581483,0.035602,NA,NA,0.856107,0.029496,NA,NA,NA,NA,0.807453,0.029164,0.824977,0.031377,NA,NA,NA,NA,0.790497,0.027135,NA,NA,NA,NA,NA,NA,0.900638,0.018415,NA,NA,-0.019552,0.019649
"151",2021-08-23,NA,NA,0.072457,0.011055,0.688488,0.231401,NA,NA,NA,NA,NA,NA,0.610869,0.055287,NA,NA,NA,NA,NA,NA,NA,NA,NA,NA,0.842892,0.106274,0.801395,0.031901,0.1109,0,0.668462,0.075807,NA,NA,NA,NA,0.553946,0.075119,0.416765,0.12789,0.845759,0.016813,NA,NA,0.650392,0.046222,0.251934,0.034434,0.518287,0.078276,NA,NA,NA,NA,NA,NA,NA,NA,0.772531,0.069924,NA,NA,0.51831,0.042231
"152",2021-08-28,NA,NA,0.737565,0.077389,0.833198,0.018021,NA,NA,NA,NA,NA,NA,0.794732,0.02558,0.612085,0.027134,NA,NA,0.315116,0.150478,0.844078,0.014432,0.593893,0,NA,NA,0.828427,0.014561,NA,NA,NA,NA,0.617211,0.228923,0.842168,0.020218,0.700196,0.075558,0.759131,0.02161,0.461164,0.076417,0.850809,0.020447,0.698556,0.116417,0.805398,0.043683,0.825919,0.013769,NA,NA,0.680579,0.03794,0.731575,0.035186,NA,NA,NA,NA,0.756965,0.022956,NA,NA
"153",2021-09-07,NA,NA,NA,NA,NA,NA,NA,NA,NA,NA,NA,NA,NA,NA,NA,NA,NA,NA,NA,NA,NA,NA,NA,NA,NA,NA,NA,NA,NA,NA,NA,NA,NA,NA,NA,NA,NA,NA,NA,NA,NA,NA,NA,NA,0.589694,0.027393,0.623867,0.027048,NA,NA,NA,NA,NA,NA,NA,NA,NA,NA,NA,NA,NA,NA,NA,NA
"154",2021-09-12,0.610107,0.054034,0.79471,0.020338,0.131857,0,NA,NA,0.81658,0.017728,NA,NA,NA,NA,NA,NA,0.811477,0.021141,0.729565,0.031589,0.676272,0.104264,0.827904,0.014975,NA,NA,0.795614,0.01692,0.787392,0.032351,0.830669,0.022757,0.71713,0.086957,0.689278,0.057818,0.445058,0.058904,0.756368,0.018024,0.630422,0.061814,NA,NA,0.788392,0.015867,0.795616,0.023782,0.761197,0.018628,0.776058,0.022395,NA,NA,0.467049,0.035892,NA,NA,0.808831,0.022737,NA,NA,0.800703,0.01875
"155",2021-09-17,0.841511,0.017638,0.771212,0.108687,NA,NA,0.86141,0.017385,0.755979,0.03852,0.844935,0.017191,0.787512,0.056476,0.84328,0.025254,0.770079,0.059115,0.837965,0.016201,0.864525,0.015813,0.867559,0.012897,0.867824,0.029667,0.846995,0.015753,0.782501,0.12832,0.148728,0,0.724169,0.035445,0.694527,0.083169,0.738516,0.026943,0.754646,0.048675,0.349833,0.149226,NA,NA,0.796829,0.212886,0.655539,0.071871,0.278729,0.122544,0.85909,0.016756,0.836667,0.020105,0.856253,0.012659,0.798878,0.248706,NA,NA,0.818583,0.022847,0.782155,0.085152
"156",2021-09-27,NA,NA,NA,NA,NA,NA,NA,NA,NA,NA,NA,NA,NA,NA,NA,NA,NA,NA,NA,NA,NA,NA,NA,NA,0.811931,0.083698,0.815362,0.035013,0.694586,0.025594,0.556368,0.085366,NA,NA,NA,NA,0.590208,0.16764,NA,NA,NA,NA,NA,NA,NA,NA,NA,NA,NA,NA,NA,NA,NA,NA,NA,NA,NA,NA,NA,NA,NA,NA,0.532069,0.036551
"157",2021-10-02,0.776626,0.02118,NA,NA,NA,NA,0.649961,0.027594,0.530281,0.040205,NA,NA,0.610654,0.067,NA,NA,NA,NA,NA,NA,NA,NA,NA,NA,0.831033,0.015782,0.766931,0.018402,NA,NA,0.789828,0.044038,0.566556,0.016231,NA,NA,NA,NA,0.386687,0.040829,NA,NA,NA,NA,NA,NA,NA,NA,0.594778,0.054827,0.618044,0.026989,NA,NA,NA,NA,NA,NA,0.791269,0.029741,0.677761,0,0.758697,0.038822
"158",2021-10-07,NA,NA,NA,NA,0.64908,0.23106,0.779333,0.036605,0.678208,0.028623,0.589794,0.027264,NA,NA,NA,NA,NA,NA,NA,NA,NA,NA,0.70157,0.025721,0.635289,0.04397,0.773257,0.020438,0.552106,0.095913,0.826737,0.030619,NA,NA,NA,NA,NA,NA,NA,NA,NA,NA,NA,NA,NA,NA,0.779624,0.021962,0.656311,0.03726,0.545663,0,0.597914,0.023135,0.46543,0.085808,NA,NA,NA,NA,0.675039,0.041466,0.821453,0.017048
"159",2021-10-12,NA,NA,NA,NA,NA,NA,NA,NA,NA,NA,NA,NA,NA,NA,NA,NA,NA,NA,NA,NA,0.001778,0.001742,NA,NA,NA,NA,NA,NA,NA,NA,NA,NA,NA,NA,NA,NA,NA,NA,NA,NA,NA,NA,NA,NA,NA,NA,NA,NA,NA,NA,NA,NA,NA,NA,NA,NA,NA,NA,NA,NA,NA,NA,NA,NA
"160",2021-10-17,0.800912,0.019345,0.794991,0.01828,0.52103,0.052919,NA,NA,NA,NA,0.796343,0.027569,0.737808,0.075516,NA,NA,NA,NA,0.791702,0.017222,0.762361,0.020107,0.812348,0.023428,NA,NA,0.779766,0.041993,0.779388,0.033747,NA,NA,0.797403,0.027573,NA,NA,0.599594,0.063543,0.792671,0.014889,0.731552,0.065553,NA,NA,0.802551,0.032786,0.807321,0.016684,NA,NA,0.478639,0.057073,0.786566,0.015886,0.811786,0.014415,0.391458,0.014596,0.813157,0.027671,0.776468,0.017208,0.621604,0.070425
"161",2021-10-27,NA,NA,0.267245,0.105411,0.783807,0.039137,NA,NA,NA,NA,NA,NA,NA,NA,NA,NA,NA,NA,NA,NA,NA,NA,0.846154,0.014389,NA,NA,0.709854,0.025851,NA,NA,0.684022,0.054033,NA,NA,NA,NA,0.824918,0.020252,0.835273,0.016069,0.58549,0.068888,NA,NA,NA,NA,0.76625,0.070858,NA,NA,0.755623,0.01919,NA,NA,0.593422,0.192716,NA,NA,NA,NA,NA,NA,NA,NA
"162",2021-11-01,NA,NA,NA,NA,NA,NA,NA,NA,NA,NA,NA,NA,NA,NA,NA,NA,NA,NA,NA,NA,NA,NA,NA,NA,NA,NA,NA,NA,NA,NA,NA,NA,NA,NA,NA,NA,NA,NA,NA,NA,NA,NA,0.526735,0.191622,NA,NA,NA,NA,NA,NA,0.463169,0.062199,NA,NA,NA,NA,NA,NA,NA,NA,NA,NA,NA,NA
"163",2021-11-06,NA,NA,NA,NA,NA,NA,0.536639,0.032288,NA,NA,NA,NA,NA,NA,NA,NA,NA,NA,0.49935,0.013715,NA,NA,NA,NA,NA,NA,NA,NA,NA,NA,NA,NA,0.433244,0.026375,NA,NA,NA,NA,NA,NA,NA,NA,NA,NA,NA,NA,NA,NA,NA,NA,NA,NA,NA,NA,NA,NA,NA,NA,NA,NA,NA,NA,NA,NA
"164",2021-11-11,NA,NA,NA,NA,0.717266,0.03128,NA,NA,NA,NA,0.814334,0.017114,NA,NA,NA,NA,NA,NA,0.616423,0.072044,NA,NA,NA,NA,NA,NA,0.562227,0.025892,0.688265,0.030433,NA,NA,0.776572,0.059965,NA,NA,0.745633,0.020061,0.47957,0.043237,NA,NA,NA,NA,0.808196,0.022346,0.675566,0.034598,0.416466,0.033117,0.802323,0.071332,0.805421,0.017961,0.797719,0.021271,0.26313,0.004036,0.570716,0.019619,0.754761,0.019242,NA,NA
"165",2021-11-26,0.814906,0.020957,NA,NA,NA,NA,NA,NA,NA,NA,0.766335,0.104359,NA,NA,0.785452,0.043553,0.85202,0.039473,0.686579,0.04378,NA,NA,0.838589,0.018134,0.683153,0.017638,0.824956,0.017212,NA,NA,0.189565,0.048,NA,NA,NA,NA,0.64451,0.13798,NA,NA,NA,NA,NA,NA,0.82486,0.015364,0.863435,0.018986,NA,NA,NA,NA,NA,NA,NA,NA,NA,NA,0.834373,0.024562,0.79272,0.042023,0.544966,0.096162
"166",2021-12-06,NA,NA,NA,NA,NA,NA,NA,NA,NA,NA,NA,NA,0.6812,0.105187,NA,NA,NA,NA,NA,NA,NA,NA,NA,NA,NA,NA,NA,NA,NA,NA,0.893046,0.015143,NA,NA,NA,NA,NA,NA,NA,NA,NA,NA,NA,NA,NA,NA,NA,NA,NA,NA,NA,NA,NA,NA,NA,NA,NA,NA,NA,NA,NA,NA,NA,NA
"167",2021-12-16,0.835709,0.022613,0.813815,0.032365,0.834126,0.014924,0.814315,0.020464,0.830751,0.014951,0.754291,0.032395,NA,NA,0.739837,0.06953,NA,NA,NA,NA,0.661471,0.083045,0.861045,0.014113,0.862032,0.014541,0.756052,0.082394,NA,NA,NA,NA,NA,NA,0.865944,0.014937,NA,NA,0.319663,0.046563,NA,NA,0.727273,0.052647,0.844395,0.013198,NA,NA,NA,NA,NA,NA,0.8217,0.025081,NA,NA,NA,NA,NA,NA,NA,NA,NA,NA
"168",2021-12-31,0.74588,0.153243,0.853229,0.014433,NA,NA,0.835575,0.021162,NA,NA,NA,NA,0.858798,0.020521,NA,NA,NA,NA,NA,NA,0.865067,0.015285,0.899825,0.009422,0.881559,0.01372,0.7408,0.032048,0.560385,0.061413,0.882969,0.014898,NA,NA,NA,NA,NA,NA,NA,NA,0.680424,0.037239,NA,NA,0.685058,0.037627,NA,NA,0.610108,0.036563,0.547769,0.077708,0.787322,0.018805,NA,NA,0.669363,0.070376,0.750594,0.026326,NA,NA,0.873439,0.011961
