date,precipitationCal,precipitationCal_gt1
2016-01-01,0,0
2016-01-02,0.035,0
2016-01-03,7.569,7.569
2016-01-04,4.323,4.323
2016-01-05,0.149,0
2016-01-06,0.012,0
2016-01-07,0.31,0
2016-01-08,0.643,0
2016-01-09,1.397,1.397
2016-01-10,0.546,0
2016-01-11,0.026,0
2016-01-12,4.239,4.239
2016-01-13,6.809,6.809
2016-01-14,3.644,3.644
2016-01-15,2.951,2.951
2016-01-16,12.689,12.689
2016-01-17,7.298,7.298
2016-01-18,2.987,2.987
2016-01-19,6.001,6.001
2016-01-20,3.683,3.683
2016-01-21,7.406,7.406
2016-01-22,6.632,6.632
2016-01-23,5.275,5.275
2016-01-24,3.546,3.546
2016-01-25,12.607,12.607
2016-01-26,4.976,4.976
2016-01-27,4.085,4.085
2016-01-28,2.197,2.197
2016-01-29,0.324,0
2016-01-30,0.747,0
2016-01-31,0.174,0
2016-02-01,0.006,0
2016-02-02,0.003,0
2016-02-03,0.021,0
2016-02-04,0,0
2016-02-05,0,0
2016-02-06,0.023,0
2016-02-07,0.043,0
2016-02-08,0.001,0
2016-02-09,0,0
2016-02-10,0,0
2016-02-11,0,0
2016-02-12,0.109,0
2016-02-13,2.894,2.894
2016-02-14,0.29,0
2016-02-15,0.002,0
2016-02-16,0.001,0
2016-02-17,0.001,0
2016-02-18,0.657,0
2016-02-19,1.025,1.025
2016-02-20,0.017,0
2016-02-21,0.018,0
2016-02-22,0.032,0
2016-02-23,0.01,0
2016-02-24,0.034,0
2016-02-25,0.02,0
2016-02-26,0.035,0
2016-02-27,0.019,0
2016-02-28,0.002,0
2016-02-29,0,0
2016-03-01,0,0
2016-03-02,0.012,0
2016-03-03,0.074,0
2016-03-04,0.543,0
2016-03-05,2.752,2.752
2016-03-06,1.091,1.091
2016-03-07,0.345,0
2016-03-08,0.191,0
2016-03-09,0.046,0
2016-03-10,0.001,0
2016-03-11,0,0
2016-03-12,0.04,0
2016-03-13,0.003,0
2016-03-14,0.248,0
2016-03-15,3.622,3.622
2016-03-16,1.091,1.091
2016-03-17,0.67,0
2016-03-18,0.114,0
2016-03-19,0.163,0
2016-03-20,0.003,0
2016-03-21,0,0
2016-03-22,0.056,0
2016-03-23,0.133,0
2016-03-24,0.283,0
2016-03-25,0.215,0
2016-03-26,0.769,0
2016-03-27,0.161,0
2016-03-28,0,0
2016-03-29,0.398,0
2016-03-30,0.29,0
2016-03-31,1.232,1.232
2016-04-01,0.216,0
2016-04-02,0.458,0
2016-04-03,0.211,0
2016-04-04,0.185,0
2016-04-05,0.067,0
2016-04-06,0.24,0
2016-04-07,0.196,0
2016-04-08,0.009,0
2016-04-09,0,0
2016-04-10,0.003,0
2016-04-11,0.021,0
2016-04-12,0.27,0
2016-04-13,0.148,0
2016-04-14,0.001,0
2016-04-15,0,0
2016-04-16,0.307,0
2016-04-17,0.149,0
2016-04-18,0.175,0
2016-04-19,0.333,0
2016-04-20,0.203,0
2016-04-21,0.363,0
2016-04-22,0.091,0
2016-04-23,0.025,0
2016-04-24,0,0
2016-04-25,0,0
2016-04-26,0.003,0
2016-04-27,0,0
2016-04-28,0,0
2016-04-29,0.054,0
2016-04-30,0.405,0
2016-05-01,0.064,0
2016-05-02,0.38,0
2016-05-03,0.034,0
2016-05-04,0.416,0
2016-05-05,0.002,0
2016-05-06,0.265,0
2016-05-07,0.56,0
2016-05-08,0.003,0
2016-05-09,0.041,0
2016-05-10,0.02,0
2016-05-11,0.002,0
2016-05-12,0,0
2016-05-13,0.028,0
2016-05-14,0.687,0
2016-05-15,0.034,0
2016-05-16,0.036,0
2016-05-17,0.004,0
2016-05-18,0.083,0
2016-05-19,0.747,0
2016-05-20,0.259,0
2016-05-21,0.052,0
2016-05-22,1.446,1.446
2016-05-23,0,0
2016-05-24,0.009,0
2016-05-25,0.041,0
2016-05-26,0,0
2016-05-27,0,0
2016-05-28,0.081,0
2016-05-29,0.439,0
2016-05-30,0.069,0
2016-05-31,0,0
2016-06-01,0,0
2016-06-02,0,0
2016-06-03,0.081,0
2016-06-04,0,0
2016-06-05,0.001,0
2016-06-06,0.668,0
2016-06-07,0.053,0
2016-06-08,0.17,0
2016-06-09,1.654,1.654
2016-06-10,1.51,1.51
2016-06-11,5.54,5.54
2016-06-12,2.938,2.938
2016-06-13,0.176,0
2016-06-14,0.085,0
2016-06-15,0.074,0
2016-06-16,0,0
2016-06-17,0,0
2016-06-18,0,0
2016-06-19,0.045,0
2016-06-20,2.306,2.306
2016-06-21,0.704,0
2016-06-22,0.024,0
2016-06-23,0.018,0
2016-06-24,0.091,0
2016-06-25,1.685,1.685
2016-06-26,0.022,0
2016-06-27,0,0
2016-06-28,0.117,0
2016-06-29,0.485,0
2016-06-30,0.345,0
2016-07-01,0.002,0
2016-07-02,1.756,1.756
2016-07-03,0.049,0
2016-07-04,1.233,1.233
2016-07-05,0.201,0
2016-07-06,0,0
2016-07-07,0,0
2016-07-08,0.137,0
2016-07-09,0,0
2016-07-10,0,0
2016-07-11,0,0
2016-07-12,0,0
2016-07-13,1.385,1.385
2016-07-14,0,0
2016-07-15,0,0
2016-07-16,0,0
2016-07-17,0,0
2016-07-18,0.994,0
2016-07-19,0.222,0
2016-07-20,0.075,0
2016-07-21,0.079,0
2016-07-22,2.17,2.17
2016-07-23,2.843,2.843
2016-07-24,7.407,7.407
2016-07-25,4.061,4.061
2016-07-26,0.042,0
2016-07-27,0,0
2016-07-28,0,0
2016-07-29,0.055,0
2016-07-30,6.89,6.89
2016-07-31,0.497,0
2016-08-01,0,0
2016-08-02,1.441,1.441
2016-08-03,0.395,0
2016-08-04,0,0
2016-08-05,0,0
2016-08-06,0,0
2016-08-07,0,0
2016-08-08,0,0
2016-08-09,0,0
2016-08-10,0,0
2016-08-11,0,0
2016-08-12,0.54,0
2016-08-13,0.032,0
2016-08-14,0.396,0
2016-08-15,0.053,0
2016-08-16,0.857,0
2016-08-17,0.191,0
2016-08-18,0.006,0
2016-08-19,0.438,0
2016-08-20,0.376,0
2016-08-21,0,0
2016-08-22,0.529,0
2016-08-23,1.095,1.095
2016-08-24,0,0
2016-08-25,0,0
2016-08-26,0,0
2016-08-27,0,0
2016-08-28,0.352,0
2016-08-29,0,0
2016-08-30,0,0
2016-08-31,0.131,0
2016-09-01,0.097,0
2016-09-02,0.133,0
2016-09-03,0.248,0
2016-09-04,0.002,0
2016-09-05,0.005,0
2016-09-06,0,0
2016-09-07,0,0
2016-09-08,0,0
2016-09-09,0.007,0
2016-09-10,0,0
2016-09-11,0.44,0
2016-09-12,0.014,0
2016-09-13,0,0
2016-09-14,0,0
2016-09-15,0,0
2016-09-16,0.016,0
2016-09-17,0.02,0
2016-09-18,0.151,0
2016-09-19,0,0
2016-09-20,0,0
2016-09-21,0.562,0
2016-09-22,0.216,0
2016-09-23,0.173,0
2016-09-24,0.56,0
2016-09-25,0.294,0
2016-09-26,1.827,1.827
2016-09-27,4.187,4.187
2016-09-28,1.175,1.175
2016-09-29,0.017,0
2016-09-30,0.001,0
2016-10-01,0.168,0
2016-10-02,0.492,0
2016-10-03,0.041,0
2016-10-04,4.733,4.733
2016-10-05,7.552,7.552
2016-10-06,21.341,21.341
2016-10-07,2.922,2.922
2016-10-08,1.696,1.696
2016-10-09,0.013,0
2016-10-10,1.119,1.119
2016-10-11,0.037,0
2016-10-12,0.038,0
2016-10-13,0.032,0
2016-10-14,0.026,0
2016-10-15,0.001,0
2016-10-16,0,0
2016-10-17,0,0
2016-10-18,0,0
2016-10-19,0,0
2016-10-20,0,0
2016-10-21,0.004,0
2016-10-22,0.014,0
2016-10-23,0.001,0
2016-10-24,0.003,0
2016-10-25,0,0
2016-10-26,0,0
2016-10-27,0,0
2016-10-28,0.056,0
2016-10-29,0.984,0
2016-10-30,0.294,0
2016-10-31,0.487,0
2016-11-01,0.255,0
2016-11-02,0.001,0
2016-11-03,0.027,0
2016-11-04,0.002,0
2016-11-05,0.002,0
2016-11-06,0.111,0
2016-11-07,0.465,0
2016-11-08,0.966,0
2016-11-09,0.459,0
2016-11-10,9.133,9.133
2016-11-11,0.544,0
2016-11-12,0.497,0
2016-11-13,5.437,5.437
2016-11-14,2.361,2.361
2016-11-15,6.258,6.258
2016-11-16,9.86,9.86
2016-11-17,4.599,4.599
2016-11-18,8.927,8.927
2016-11-19,25.25,25.25
2016-11-20,1.578,1.578
2016-11-21,0.075,0
2016-11-22,0.011,0
2016-11-23,0.24,0
2016-11-24,0.523,0
2016-11-25,1.37,1.37
2016-11-26,0.018,0
2016-11-27,2.336,2.336
2016-11-28,1.424,1.424
2016-11-29,0,0
2016-11-30,0.168,0
2016-12-01,0.647,0
2016-12-02,0.004,0
2016-12-03,0.159,0
2016-12-04,3.996,3.996
2016-12-05,5.885,5.885
2016-12-06,3.995,3.995
2016-12-07,10.152,10.152
2016-12-08,9.3,9.3
2016-12-09,2.009,2.009
2016-12-10,4.263,4.263
2016-12-11,2.007,2.007
2016-12-12,4.851,4.851
2016-12-13,4.916,4.916
2016-12-14,0.07,0
2016-12-15,0,0
2016-12-16,0.08,0
2016-12-17,0.086,0
2016-12-18,0.411,0
2016-12-19,2.789,2.789
2016-12-20,2.052,2.052
2016-12-21,0.063,0
2016-12-22,0.109,0
2016-12-23,0.252,0
2016-12-24,0,0
2016-12-25,0.004,0
2016-12-26,0.035,0
2016-12-27,0.034,0
2016-12-28,0.004,0
2016-12-29,0.382,0
2016-12-30,0.509,0
2017-01-01,0,0
2017-01-02,0.012,0
2017-01-03,0.007,0
2017-01-04,0,0
2017-01-05,0.033,0
2017-01-06,0,0
2017-01-07,0,0
2017-01-08,0.01,0
2017-01-09,0,0
2017-01-10,0,0
2017-01-11,0.076,0
2017-01-12,0.022,0
2017-01-13,1.948,1.948
2017-01-14,0.175,0
2017-01-15,2.468,2.468
2017-01-16,0.036,0
2017-01-17,0.002,0
2017-01-18,0.017,0
2017-01-19,0.005,0
2017-01-20,0,0
2017-01-21,0.039,0
2017-01-22,0.601,0
2017-01-23,0.007,0
2017-01-24,0.003,0
2017-01-25,0.758,0
2017-01-26,0,0
2017-01-27,0,0
2017-01-28,0.286,0
2017-01-29,0,0
2017-01-30,1.104,1.104
2017-01-31,0.061,0
2017-02-01,0.05,0
2017-02-02,0.061,0
2017-02-03,1.222,1.222
2017-02-04,1.303,1.303
2017-02-05,6.03,6.03
2017-02-06,4.287,4.287
2017-02-07,8.48,8.48
2017-02-08,6.896,6.896
2017-02-09,8.173,8.173
2017-02-10,0.284,0
2017-02-11,0.147,0
2017-02-12,0.05,0
2017-02-13,0.001,0
2017-02-14,1.963,1.963
2017-02-15,0.842,0
2017-02-16,0.43,0
2017-02-17,0.011,0
2017-02-18,0.154,0
2017-02-19,1.135,1.135
2017-02-20,2.736,2.736
2017-02-21,0.321,0
2017-02-22,0.931,0
2017-02-23,1.411,1.411
2017-02-24,0,0
2017-02-25,0,0
2017-02-26,0.025,0
2017-02-27,0.007,0
2017-02-28,0.658,0
2017-03-01,0.299,0
2017-03-02,0,0
2017-03-03,0,0
2017-03-04,0,0
2017-03-05,0,0
2017-03-06,0,0
2017-03-07,0,0
2017-03-08,0,0
2017-03-09,0.01,0
2017-03-10,0.02,0
2017-03-11,0.144,0
2017-03-12,0,0
2017-03-13,0.055,0
2017-03-14,0.29,0
2017-03-15,0.369,0
2017-03-16,0.064,0
2017-03-17,0.458,0
2017-03-18,0.057,0
2017-03-19,0.248,0
2017-03-20,0.079,0
2017-03-21,0.909,0
2017-03-22,0.608,0
2017-03-23,0.006,0
2017-03-24,0,0
2017-03-25,0.004,0
2017-03-26,0.04,0
2017-03-27,2.382,2.382
2017-03-28,13.235,13.235
2017-03-29,8.35,8.35
2017-03-30,0.509,0
2017-03-31,3.467,3.467
2017-04-01,4.199,4.199
2017-04-02,0.893,0
2017-04-03,0.384,0
2017-04-04,0.279,0
2017-04-05,0.045,0
2017-04-06,0.003,0
2017-04-07,0.023,0
2017-04-08,0.109,0
2017-04-09,0.785,0
2017-04-10,0.272,0
2017-04-11,0.448,0
2017-04-12,0.018,0
2017-04-13,0.29,0
2017-04-14,0.095,0
2017-04-15,0.342,0
2017-04-16,0.489,0
2017-04-17,0.137,0
2017-04-18,0.127,0
2017-04-19,0.33,0
2017-04-20,0.257,0
2017-04-21,1.289,1.289
2017-04-22,0.085,0
2017-04-23,1.541,1.541
2017-04-24,0.098,0
2017-04-25,0.265,0
2017-04-26,1.144,1.144
2017-04-27,0.385,0
2017-04-28,0.022,0
2017-04-29,0.065,0
2017-04-30,0.347,0
2017-05-01,1.544,1.544
2017-05-02,1.055,1.055
2017-05-03,0.415,0
2017-05-04,0.039,0
2017-05-05,0.073,0
2017-05-06,0.013,0
2017-05-07,1.525,1.525
2017-05-08,1.288,1.288
2017-05-09,0,0
2017-05-10,0,0
2017-05-11,0,0
2017-05-12,0.027,0
2017-05-13,0.07,0
2017-05-14,0,0
2017-05-15,0.357,0
2017-05-16,2.632,2.632
2017-05-17,6.442,6.442
2017-05-18,0.165,0
2017-05-19,0.193,0
2017-05-20,1.736,1.736
2017-05-21,0.662,0
2017-05-22,0.34,0
2017-05-23,0.548,0
2017-05-24,0.711,0
2017-05-25,1.029,1.029
2017-05-26,0.134,0
2017-05-27,0,0
2017-05-28,0.776,0
2017-05-29,0,0
2017-05-30,0,0
2017-05-31,0,0
2017-06-01,0.155,0
2017-06-02,0.13,0
2017-06-03,0.118,0
2017-06-04,0,0
2017-06-05,0,0
2017-06-06,0,0
2017-06-07,0,0
2017-06-08,1.72,1.72
2017-06-09,0,0
2017-06-10,0,0
2017-06-11,0,0
2017-06-12,0.6,0
2017-06-13,0.017,0
2017-06-14,0,0
2017-06-15,0.008,0
2017-06-16,0.106,0
2017-06-17,0.363,0
2017-06-18,0,0
2017-06-19,0,0
2017-06-20,0.029,0
2017-06-21,1.324,1.324
2017-06-22,0.485,0
2017-06-23,3.698,3.698
2017-06-24,1.781,1.781
2017-06-25,0.917,0
2017-06-26,0.372,0
2017-06-27,0.059,0
2017-06-28,0.88,0
2017-06-29,0.063,0
2017-06-30,0,0
2017-07-01,0.271,0
2017-07-02,0.636,0
2017-07-03,2.796,2.796
2017-07-04,0,0
2017-07-05,0,0
2017-07-06,0,0
2017-07-07,0.05,0
2017-07-08,0.006,0
2017-07-09,1.796,1.796
2017-07-10,0.35,0
2017-07-11,1.686,1.686
2017-07-12,2.743,2.743
2017-07-13,0.067,0
2017-07-14,0.744,0
2017-07-15,0,0
2017-07-16,0.234,0
2017-07-17,0.207,0
2017-07-18,0,0
2017-07-19,4.185,4.185
2017-07-20,0.628,0
2017-07-21,0.355,0
2017-07-22,0,0
2017-07-23,6.724,6.724
2017-07-24,1.583,1.583
2017-07-25,0.013,0
2017-07-26,0.001,0
2017-07-27,5.393,5.393
2017-07-28,1.641,1.641
2017-07-29,2.171,2.171
2017-07-30,0,0
2017-07-31,0,0
2017-08-01,0,0
2017-08-02,0.482,0
2017-08-03,0,0
2017-08-04,0,0
2017-08-05,0.664,0
2017-08-06,1.276,1.276
2017-08-07,0,0
2017-08-08,0,0
2017-08-09,0,0
2017-08-10,0,0
2017-08-11,0.03,0
2017-08-12,0,0
2017-08-13,0,0
2017-08-14,0,0
2017-08-15,0,0
2017-08-16,0,0
2017-08-17,0,0
2017-08-18,0.006,0
2017-08-19,0.072,0
2017-08-20,0.077,0
2017-08-21,0.061,0
2017-08-22,0.642,0
2017-08-23,0.602,0
2017-08-24,0.393,0
2017-08-25,0,0
2017-08-26,0,0
2017-08-27,0,0
2017-08-28,0,0
2017-08-29,0.001,0
2017-08-30,0,0
2017-08-31,0,0
2017-09-01,0.004,0
2017-09-02,0.034,0
2017-09-03,0.12,0
2017-09-04,0.007,0
2017-09-05,0.005,0
2017-09-06,0.006,0
2017-09-07,0.075,0
2017-09-08,0.046,0
2017-09-09,0.692,0
2017-09-10,0.109,0
2017-09-11,0,0
2017-09-12,0,0
2017-09-13,0.164,0
2017-09-14,0,0
2017-09-15,0,0
2017-09-16,0.063,0
2017-09-17,0.107,0
2017-09-18,0,0
2017-09-19,0.864,0
2017-09-20,0,0
2017-09-21,0.023,0
2017-09-22,0.408,0
2017-09-23,0.422,0
2017-09-24,0.62,0
2017-09-25,0.015,0
2017-09-26,1.855,1.855
2017-09-27,4.304,4.304
2017-09-28,2.1,2.1
2017-09-29,1.84,1.84
2017-09-30,1.182,1.182
2017-10-01,0.825,0
2017-10-02,0.052,0
2017-10-03,0.003,0
2017-10-04,0.02,0
2017-10-05,0.206,0
2017-10-06,0,0
2017-10-07,0.03,0
2017-10-08,0,0
2017-10-09,0.002,0
2017-10-10,0,0
2017-10-11,0,0
2017-10-12,0,0
2017-10-13,0,0
2017-10-14,0,0
2017-10-15,0,0
2017-10-16,0,0
2017-10-17,0.013,0
2017-10-18,0.002,0
2017-10-19,0,0
2017-10-20,0.01,0
2017-10-21,0,0
2017-10-22,0,0
2017-10-23,0,0
2017-10-24,0.287,0
2017-10-25,0,0
2017-10-26,0.032,0
2017-10-27,0.012,0
2017-10-28,5.16,5.16
2017-10-29,0.904,0
2017-10-30,1.241,1.241
2017-10-31,0.34,0
2017-11-01,5.061,5.061
2017-11-02,0.361,0
2017-11-03,0.45,0
2017-11-04,0.171,0
2017-11-05,0.689,0
2017-11-06,8.017,8.017
2017-11-07,4.149,4.149
2017-11-08,0.314,0
2017-11-09,0.046,0
2017-11-10,0.139,0
2017-11-11,1.349,1.349
2017-11-12,6.021,6.021
2017-11-13,4.664,4.664
2017-11-14,5.009,5.009
2017-11-15,1.729,1.729
2017-11-16,0.272,0
2017-11-17,0,0
2017-11-18,0,0
2017-11-19,0.286,0
2017-11-20,0.239,0
2017-11-21,0,0
2017-11-22,0.152,0
2017-11-23,1.216,1.216
2017-11-24,3.708,3.708
2017-11-25,0,0
2017-11-26,0,0
2017-11-27,0,0
2017-11-28,0,0
2017-11-29,0.831,0
2017-11-30,0.988,0
2017-12-01,4.715,4.715
2017-12-02,10.897,10.897
2017-12-03,1.037,1.037
2017-12-04,1.794,1.794
2017-12-05,1.565,1.565
2017-12-06,5.248,5.248
2017-12-07,3.04,3.04
2017-12-08,4.824,4.824
2017-12-09,5.62,5.62
2017-12-10,4.461,4.461
2017-12-11,9.026,9.026
2017-12-12,6.505,6.505
2017-12-13,3.749,3.749
2017-12-14,2.926,2.926
2017-12-15,0.876,0
2017-12-16,0.252,0
2017-12-17,0.916,0
2017-12-18,0.73,0
2017-12-19,0.771,0
2017-12-20,0,0
2017-12-21,0.01,0
2017-12-22,0.004,0
2017-12-23,0.004,0
2017-12-24,0,0
2017-12-25,0,0
2017-12-26,0.003,0
2017-12-27,0,0
2017-12-28,0,0
2017-12-29,0,0
2017-12-30,0.411,0
2017-12-31,1.174,1.174
2018-01-01,1.289,1.289
2018-01-01,1.289,1.289
2018-01-02,2.303,2.303
2018-01-03,2.893,2.893
2018-01-04,2.954,2.954
2018-01-05,0.588,0
2018-01-06,0.022,0
2018-01-07,0,0
2018-01-08,0,0
2018-01-09,2.053,2.053
2018-01-10,0.242,0
2018-01-11,0.061,0
2018-01-12,0.032,0
2018-01-13,0.004,0
2018-01-14,0.052,0
2018-01-15,0.015,0
2018-01-16,0,0
2018-01-17,0.009,0
2018-01-18,0,0
2018-01-19,0,0
2018-01-20,0.043,0
2018-01-21,0,0
2018-01-22,0.003,0
2018-01-23,0.036,0
2018-01-24,0.167,0
2018-01-25,0.012,0
2018-01-26,0.011,0
2018-01-27,0.353,0
2018-01-28,0.074,0
2018-01-29,0.005,0
2018-01-30,0.291,0
2018-01-31,1.412,1.412
2018-02-01,3.283,3.283
2018-02-02,4.705,4.705
2018-02-03,10.547,10.547
2018-02-04,6.031,6.031
2018-02-05,3.799,3.799
2018-02-06,7.064,7.064
2018-02-07,6.576,6.576
2018-02-08,7.781,7.781
2018-02-09,1.706,1.706
2018-02-10,0.076,0
2018-02-11,0.001,0
2018-02-12,0,0
2018-02-13,0.027,0
2018-02-14,0.16,0
2018-02-15,0.743,0
2018-02-16,0.561,0
2018-02-17,0.139,0
2018-02-18,0.026,0
2018-02-19,0.013,0
2018-02-20,0.064,0
2018-02-21,0.096,0
2018-02-22,0.187,0
2018-02-23,2.089,2.089
2018-02-24,3.255,3.255
2018-02-25,3.499,3.499
2018-02-26,0.223,0
2018-02-27,0,0
2018-02-28,0,0
2018-03-01,0.004,0
2018-03-02,0,0
2018-03-03,0.067,0
2018-03-04,1.414,1.414
2018-03-05,3.597,3.597
2018-03-06,2.159,2.159
2018-03-07,4.877,4.877
2018-03-08,2.63,2.63
2018-03-09,1.519,1.519
2018-03-10,4.304,4.304
2018-03-11,4.094,4.094
2018-03-12,5.529,5.529
2018-03-13,0.854,0
2018-03-14,0.006,0
2018-03-15,0.035,0
2018-03-16,0,0
2018-03-17,0.029,0
2018-03-18,0,0
2018-03-19,0,0
2018-03-20,0.012,0
2018-03-21,0.005,0
2018-03-22,1.088,1.088
2018-03-23,0.94,0
2018-03-24,2.262,2.262
2018-03-25,0.774,0
2018-03-26,0.165,0
2018-03-27,0.094,0
2018-03-28,0.488,0
2018-03-29,0.301,0
2018-03-30,0.106,0
2018-03-31,0.007,0
2018-04-01,0.078,0
2018-04-02,0,0
2018-04-03,0,0
2018-04-04,0.096,0
2018-04-05,0.08,0
2018-04-06,1.027,1.027
2018-04-07,0.056,0
2018-04-08,0.177,0
2018-04-09,2.375,2.375
2018-04-10,3.751,3.751
2018-04-11,1.53,1.53
2018-04-12,3.938,3.938
2018-04-13,5.769,5.769
2018-04-14,2.019,2.019
2018-04-15,1.155,1.155
2018-04-16,0.331,0
2018-04-17,0.696,0
2018-04-18,0.766,0
2018-04-19,0.441,0
2018-04-20,0.302,0
2018-04-21,0.624,0
2018-04-22,0.223,0
2018-04-23,0.577,0
2018-04-24,0.261,0
2018-04-25,3.43,3.43
2018-04-26,0.012,0
2018-04-27,0.559,0
2018-04-28,0.494,0
2018-04-29,0.065,0
2018-04-30,0.004,0
2018-05-01,0.023,0
2018-05-02,0,0
2018-05-03,0.014,0
2018-05-04,0,0
2018-05-05,0,0
2018-05-06,0,0
2018-05-07,0.222,0
2018-05-08,0.631,0
2018-05-09,1.096,1.096
2018-05-10,0.594,0
2018-05-11,0.062,0
2018-05-12,0.09,0
2018-05-13,0.628,0
2018-05-14,2.229,2.229
2018-05-15,1.338,1.338
2018-05-16,0.41,0
2018-05-17,0.777,0
2018-05-18,0.098,0
2018-05-19,0,0
2018-05-20,0.228,0
2018-05-21,0.205,0
2018-05-22,0.205,0
2018-05-23,3.452,3.452
2018-05-24,6.785,6.785
2018-05-25,0.152,0
2018-05-26,0.697,0
2018-05-27,1.426,1.426
2018-05-28,1.1,1.1
2018-05-29,1.167,1.167
2018-05-30,0,0
2018-05-31,1.364,1.364
2018-06-01,0.823,0
2018-06-02,0.954,0
2018-06-03,0.49,0
2018-06-04,0.239,0
2018-06-05,0.266,0
2018-06-06,0.053,0
2018-06-07,0.251,0
2018-06-08,0.069,0
2018-06-09,1.108,1.108
2018-06-10,0.241,0
2018-06-11,0.388,0
2018-06-12,0,0
2018-06-13,0,0
2018-06-14,0,0
2018-06-15,0,0
2018-06-16,0,0
2018-06-17,0.052,0
2018-06-18,0.227,0
2018-06-19,0.539,0
2018-06-20,1.836,1.836
2018-06-21,3.555,3.555
2018-06-22,0,0
2018-06-23,0.295,0
2018-06-24,0.006,0
2018-06-25,1.158,1.158
2018-06-26,0.075,0
2018-06-27,0,0
2018-06-28,0.106,0
2018-06-29,0,0
2018-06-30,0.114,0
2018-07-01,0.33,0
2018-07-02,0.208,0
2018-07-03,0.026,0
2018-07-04,0,0
2018-07-05,0,0
2018-07-06,0,0
2018-07-07,0,0
2018-07-08,0,0
2018-07-09,0,0
2018-07-10,0,0
2018-07-11,0,0
2018-07-12,0,0
2018-07-13,0,0
2018-07-14,0.043,0
2018-07-15,0.852,0
2018-07-16,0.009,0
2018-07-17,0.485,0
2018-07-18,0.246,0
2018-07-19,0.057,0
2018-07-20,1.963,1.963
2018-07-21,0.425,0
2018-07-22,0.082,0
2018-07-23,0.599,0
2018-07-24,0.567,0
2018-07-25,0.013,0
2018-07-26,0.023,0
2018-07-27,0,0
2018-07-28,0,0
2018-07-29,0,0
2018-07-30,0,0
2018-07-31,0,0
2018-08-01,0,0
2018-08-02,0.021,0
2018-08-03,0.039,0
2018-08-04,0.042,0
2018-08-05,0,0
2018-08-06,0,0
2018-08-07,0.064,0
2018-08-08,0.403,0
2018-08-09,0.045,0
2018-08-10,0.096,0
2018-08-11,0.983,0
2018-08-12,0.836,0
2018-08-13,0,0
2018-08-14,0,0
2018-08-15,0,0
2018-08-16,0.044,0
2018-08-17,0.415,0
2018-08-18,0.537,0
2018-08-19,0.35,0
2018-08-20,0,0
2018-08-21,0.001,0
2018-08-22,0.175,0
2018-08-23,0.064,0
2018-08-24,0,0
2018-08-25,0,0
2018-08-26,0.005,0
2018-08-27,0.005,0
2018-08-28,0.015,0
2018-08-29,0,0
2018-08-30,0,0
2018-08-31,0,0
2018-09-01,0.033,0
2018-09-02,0.004,0
2018-09-03,0,0
2018-09-04,0.319,0
2018-09-05,0.089,0
2018-09-06,0.006,0
2018-09-07,0.03,0
2018-09-08,0,0
2018-09-09,0,0
2018-09-10,0,0
2018-09-11,0.071,0
2018-09-12,0.015,0
2018-09-13,0.007,0
2018-09-14,0.004,0
2018-09-15,0.164,0
2018-09-16,0.398,0
2018-09-17,0.474,0
2018-09-18,0.051,0
2018-09-19,0.042,0
2018-09-20,0.026,0
2018-09-21,0.015,0
2018-09-22,0.093,0
2018-09-23,0.003,0
2018-09-24,0,0
2018-09-25,0.001,0
2018-09-26,0.056,0
2018-09-27,0,0
2018-09-28,0,0
2018-09-29,0,0
2018-09-30,0.094,0
2018-10-01,0.002,0
2018-10-02,0.228,0
2018-10-03,0.008,0
2018-10-04,0,0
2018-10-05,0,0
2018-10-06,0.001,0
2018-10-07,0.044,0
2018-10-08,0,0
2018-10-09,0,0
2018-10-10,0,0
2018-10-11,0,0
2018-10-12,0.017,0
2018-10-13,0,0
2018-10-14,0,0
2018-10-15,0.039,0
2018-10-16,7.936,7.936
2018-10-17,0.066,0
2018-10-18,0.05,0
2018-10-19,2.304,2.304
2018-10-20,1.13,1.13
2018-10-21,1.211,1.211
2018-10-22,0.394,0
2018-10-23,0.041,0
2018-10-24,1.228,1.228
2018-10-25,1.855,1.855
2018-10-26,0.458,0
2018-10-27,2.647,2.647
2018-10-28,7.313,7.313
2018-10-29,3.952,3.952
2018-10-30,1.687,1.687
2018-10-31,0.09,0
2018-11-01,1.054,1.054
2018-11-02,0.028,0
2018-11-03,2.244,2.244
2018-11-04,1.108,1.108
2018-11-05,2.736,2.736
2018-11-06,0.875,0
2018-11-07,1.197,1.197
2018-11-08,3.168,3.168
2018-11-09,1.526,1.526
2018-11-10,4.609,4.609
2018-11-11,12.3,12.3
2018-11-12,3.539,3.539
2018-11-13,0.728,0
2018-11-14,0.004,0
2018-11-15,0.005,0
2018-11-16,0.023,0
2018-11-17,0.492,0
2018-11-18,0.19,0
2018-11-19,0.763,0
2018-11-20,0.082,0
2018-11-21,1.372,1.372
2018-11-22,1.484,1.484
2018-11-23,0.781,0
2018-11-24,0.726,0
2018-11-25,5.307,5.307
2018-11-26,2.393,2.393
2018-11-27,1.739,1.739
2018-11-28,1.163,1.163
2018-11-29,0.533,0
2018-11-30,0.052,0
2018-12-01,2.861,2.861
2018-12-02,3.062,3.062
2018-12-03,5.613,5.613
2018-12-04,5.241,5.241
2018-12-05,0.495,0
2018-12-06,2.257,2.257
2018-12-07,2.094,2.094
2018-12-08,6.48,6.48
2018-12-09,3.358,3.358
2018-12-10,1.729,1.729
2018-12-11,1.694,1.694
2018-12-12,0.36,0
2018-12-13,0.187,0
2018-12-14,0.037,0
2018-12-15,0,0
2018-12-16,0.138,0
2018-12-17,0,0
2018-12-18,0,0
2018-12-19,0,0
2018-12-20,0,0
2018-12-21,0,0
2018-12-22,0.002,0
2018-12-23,0.012,0
2018-12-24,0.383,0
2018-12-25,0.35,0
2018-12-26,2.746,2.746
2018-12-27,7.692,7.692
2018-12-28,5.722,5.722
2018-12-29,4.539,4.539
2018-12-30,3.156,3.156
2018-12-31,0.523,0
2019-01-01,0,0
2019-01-01,0,0
2019-01-02,0,0
2019-01-03,0,0
2019-01-04,0.356,0
2019-01-05,0,0
2019-01-06,0.273,0
2019-01-07,0.038,0
2019-01-08,0,0
2019-01-09,0.088,0
2019-01-10,0.076,0
2019-01-11,0.451,0
2019-01-12,0.439,0
2019-01-13,0.038,0
2019-01-14,0.232,0
2019-01-15,0.01,0
2019-01-16,0,0
2019-01-17,0.013,0
2019-01-18,0,0
2019-01-19,0,0
2019-01-20,0,0
2019-01-21,0,0
2019-01-22,0,0
2019-01-23,0,0
2019-01-24,0.202,0
2019-01-25,0.004,0
2019-01-26,0,0
2019-01-27,0,0
2019-01-28,0.409,0
2019-01-29,0.875,0
2019-01-30,0.041,0
2019-01-31,0.022,0
2019-02-01,0,0
2019-02-02,0,0
2019-02-03,0.018,0
2019-02-04,0.082,0
2019-02-05,0.044,0
2019-02-06,1.177,1.177
2019-02-07,2.427,2.427
2019-02-08,1.6,1.6
2019-02-09,0.28,0
2019-02-10,0.016,0
2019-02-11,0,0
2019-02-12,0,0
2019-02-13,0,0
2019-02-14,0.01,0
2019-02-15,7.923,7.923
2019-02-16,3.811,3.811
2019-02-17,8.171,8.171
2019-02-18,5.284,5.284
2019-02-19,0.542,0
2019-02-20,0.001,0
2019-02-21,0.258,0
2019-02-22,0.009,0
2019-02-23,0.492,0
2019-02-24,0.002,0
2019-02-25,0.706,0
2019-02-26,0.025,0
2019-02-27,2.823,2.823
2019-02-28,2.45,2.45
2019-03-01,2.642,2.642
2019-03-02,0.214,0
2019-03-03,0.522,0
2019-03-04,0.381,0
2019-03-05,0.512,0
2019-03-06,0.092,0
2019-03-07,0.518,0
2019-03-08,0.134,0
2019-03-09,0.281,0
2019-03-10,0.001,0
2019-03-11,0,0
2019-03-12,0,0
2019-03-13,0,0
2019-03-14,0.06,0
2019-03-15,0.095,0
2019-03-16,0.314,0
2019-03-17,0.005,0
2019-03-18,0.003,0
2019-03-19,0.437,0
2019-03-20,10.817,10.817
2019-03-21,7.154,7.154
2019-03-22,0.415,0
2019-03-23,0.751,0
2019-03-24,0.128,0
2019-03-25,0.147,0
2019-03-26,1.676,1.676
2019-03-27,2.738,2.738
2019-03-28,0.082,0
2019-03-29,0.631,0
2019-03-30,0.004,0
2019-03-31,0.01,0
2019-04-01,0.017,0
2019-04-02,0.001,0
2019-04-03,0.022,0
2019-04-04,0.213,0
2019-04-05,0,0
2019-04-06,0,0
2019-04-07,3.583,3.583
2019-04-08,0,0
2019-04-09,1.12,1.12
2019-04-10,3.166,3.166
2019-04-11,6.869,6.869
2019-04-12,0.959,0
2019-04-13,2.117,2.117
2019-04-14,1.689,1.689
2019-04-15,1.139,1.139
2019-04-16,0.947,0
2019-04-17,0.395,0
2019-04-18,14.006,14.006
2019-04-19,13.022,13.022
2019-04-20,1.514,1.514
2019-04-21,0.004,0
2019-04-22,0.129,0
2019-04-23,0.116,0
2019-04-24,0.024,0
2019-04-25,0,0
2019-04-26,0.008,0
2019-04-27,0.047,0
2019-04-28,0,0
2019-04-29,0.034,0
2019-04-30,0.009,0
2019-05-01,0,0
2019-05-02,0.001,0
2019-05-03,0.133,0
2019-05-04,0.002,0
2019-05-05,0.027,0
2019-05-06,0,0
2019-05-07,0.004,0
2019-05-08,0.004,0
2019-05-09,0,0
2019-05-10,0,0
2019-05-11,0,0
2019-05-12,0,0
2019-05-13,0,0
2019-05-14,0,0
2019-05-15,0.017,0
2019-05-16,0.516,0
2019-05-17,1.421,1.421
2019-05-18,0.122,0
2019-05-19,0,0
2019-05-20,0,0
2019-05-21,0.002,0
2019-05-22,0,0
2019-05-23,0,0
2019-05-24,0,0
2019-05-25,0.001,0
2019-05-26,0.006,0
2019-05-27,0,0
2019-05-28,0.002,0
2019-05-29,0,0
2019-05-30,0.007,0
2019-05-31,0,0
2019-06-01,0,0
2019-06-02,0,0
2019-06-03,0,0
2019-06-04,0.018,0
2019-06-05,0,0
2019-06-06,0,0
2019-06-07,0,0
2019-06-08,0.731,0
2019-06-09,0,0
2019-06-10,0,0
2019-06-11,0.144,0
2019-06-12,0,0
2019-06-13,0,0
2019-06-14,0.441,0
2019-06-15,0,0
2019-06-16,0,0
2019-06-17,0,0
2019-06-18,0,0
2019-06-19,0,0
2019-06-20,0,0
2019-06-21,0,0
2019-06-22,0,0
2019-06-23,0.012,0
2019-06-24,0.558,0
2019-06-25,0,0
2019-06-26,0.023,0
2019-06-27,0.249,0
2019-06-28,10.561,10.561
2019-06-29,1.262,1.262
2019-06-30,0,0
2019-07-01,0,0
2019-07-02,0,0
2019-07-03,0.419,0
2019-07-04,0,0
2019-07-05,0.269,0
2019-07-06,0.046,0
2019-07-07,0.001,0
2019-07-08,0,0
2019-07-09,0,0
2019-07-10,0.006,0
2019-07-11,0,0
2019-07-12,0,0
2019-07-13,0,0
2019-07-14,0,0
2019-07-15,0,0
2019-07-16,0,0
2019-07-17,0,0
2019-07-18,0,0
2019-07-19,0,0
2019-07-20,0,0
2019-07-21,0,0
2019-07-22,0,0
2019-07-23,3.625,3.625
2019-07-24,0.094,0
2019-07-25,2.081,2.081
2019-07-26,0,0
2019-07-27,0,0
2019-07-28,0,0
2019-07-29,0,0
2019-07-30,0,0
2019-07-31,0,0
2019-08-01,0,0
2019-08-02,0,0
2019-08-03,0,0
2019-08-04,0.081,0
2019-08-05,0.103,0
2019-08-06,0.423,0
2019-08-07,1.374,1.374
2019-08-08,1.789,1.789
2019-08-09,2.518,2.518
2019-08-10,0.088,0
2019-08-11,0,0
2019-08-12,0,0
2019-08-13,0,0
2019-08-14,0,0
2019-08-15,0,0
2019-08-16,0,0
2019-08-17,0,0
2019-08-18,0,0
2019-08-19,0,0
2019-08-20,0,0
2019-08-21,0,0
2019-08-22,0,0
2019-08-23,0,0
2019-08-24,0,0
2019-08-25,0.797,0
2019-08-26,0.383,0
2019-08-27,0.151,0
2019-08-28,0.064,0
2019-08-29,0.106,0
2019-08-30,0.124,0
2019-08-31,0,0
2019-09-01,0,0
2019-09-02,1.005,1.005
2019-09-03,0,0
2019-09-04,0,0
2019-09-05,0,0
2019-09-06,2.837,2.837
2019-09-07,0,0
2019-09-08,0.112,0
2019-09-09,0,0
2019-09-10,0,0
2019-09-11,0,0
2019-09-12,0,0
2019-09-13,0,0
2019-09-14,0.022,0
2019-09-15,0,0
2019-09-16,0,0
2019-09-17,0,0
2019-09-18,0,0
2019-09-19,0,0
2019-09-20,0.041,0
2019-09-21,0,0
2019-09-22,0,0
2019-09-23,0,0
2019-09-24,0,0
2019-09-25,0.021,0
2019-09-26,0.439,0
2019-09-27,2.67,2.67
2019-09-28,0.778,0
2019-09-29,0.792,0
2019-09-30,0.004,0
2019-10-01,0.02,0
2019-10-02,0.004,0
2019-10-03,0.007,0
2019-10-04,0.203,0
2019-10-05,0.003,0
2019-10-06,0,0
2019-10-07,0,0
2019-10-08,0.001,0
2019-10-09,0.002,0
2019-10-10,0,0
2019-10-11,0,0
2019-10-12,0,0
2019-10-13,0.375,0
2019-10-14,0.047,0
2019-10-15,0.011,0
2019-10-16,0.001,0
2019-10-17,0,0
2019-10-18,0,0
2019-10-19,0.017,0
2019-10-20,0.033,0
2019-10-21,6.731,6.731
2019-10-22,14.267,14.267
2019-10-23,3.218,3.218
2019-10-24,0.083,0
2019-10-25,0.899,0
2019-10-26,0.402,0
2019-10-27,0.019,0
2019-10-28,0.004,0
2019-10-29,0,0
2019-10-30,0.003,0
2019-10-31,0,0
2019-11-01,0,0
2019-11-02,0.213,0
2019-11-03,0,0
2019-11-04,0,0
2019-11-05,0,0
2019-11-06,0,0
2019-11-07,0,0
2019-11-08,0,0
2019-11-09,0,0
2019-11-10,0,0
2019-11-11,0,0
2019-11-12,0.027,0
2019-11-13,0.012,0
2019-11-14,0.002,0
2019-11-15,0.002,0
2019-11-16,2.99,2.99
2019-11-17,1.536,1.536
2019-11-18,2.834,2.834
2019-11-19,0.03,0
2019-11-20,0.135,0
2019-11-21,0.279,0
2019-11-22,1.411,1.411
2019-11-23,0.27,0
2019-11-24,5.292,5.292
2019-11-25,4.213,4.213
2019-11-26,0,0
2019-11-27,0,0
2019-11-28,0.006,0
2019-11-29,1.456,1.456
2019-11-30,0.232,0
2019-12-01,0.626,0
2019-12-02,9.645,9.645
2019-12-03,3.763,3.763
2019-12-04,0.413,0
2019-12-05,0,0
2019-12-06,0.354,0
2019-12-07,5.752,5.752
2019-12-08,8.16,8.16
2019-12-09,0.008,0
2019-12-10,0,0
2019-12-11,0,0
2019-12-12,0,0
2019-12-13,0,0
2019-12-14,0,0
2019-12-15,0,0
2019-12-16,0,0
2019-12-17,0,0
2019-12-18,0,0
2019-12-19,0,0
2019-12-20,0,0
2019-12-21,0,0
2019-12-22,0.025,0
2019-12-23,0.023,0
2019-12-24,1.477,1.477
2019-12-25,1.155,1.155
2019-12-26,1.703,1.703
2019-12-27,0.505,0
2019-12-28,0.209,0
2019-12-29,0.952,0
2019-12-30,0.578,0
2019-12-31,0.132,0
2020-01-01,4.879,4.879
2020-01-01,4.879,4.879
2020-01-02,0.247,0
2020-01-03,4.684,4.684
2020-01-04,7.031,7.031
2020-01-05,3.213,3.213
2020-01-06,6.051,6.051
2020-01-07,0.002,0
2020-01-08,0,0
2020-01-09,0,0
2020-01-10,0,0
2020-01-11,0,0
2020-01-12,0,0
2020-01-13,0,0
2020-01-14,0,0
2020-01-15,0,0
2020-01-16,0,0
2020-01-17,0,0
2020-01-18,0,0
2020-01-19,0,0
2020-01-20,0,0
2020-01-21,2.082,2.082
2020-01-22,2.229,2.229
2020-01-23,1.64,1.64
2020-01-24,2.394,2.394
2020-01-25,2.116,2.116
2020-01-26,3.144,3.144
2020-01-27,8.297,8.297
2020-01-28,9.313,9.313
2020-01-29,0.039,0
2020-01-30,0,0
2020-01-31,0,0
2020-02-01,0.204,0
2020-02-02,0,0
2020-02-03,0,0
2020-02-04,0.343,0
2020-02-05,0.757,0
2020-02-06,0.405,0
2020-02-07,0.237,0
2020-02-08,0.233,0
2020-02-09,2.112,2.112
2020-02-10,3.411,3.411
2020-02-11,0.219,0
2020-02-12,0.484,0
2020-02-13,0.004,0
2020-02-14,0.075,0
2020-02-15,0.006,0
2020-02-16,0.011,0
2020-02-17,0.017,0
2020-02-18,1.023,1.023
2020-02-19,2.532,2.532
2020-02-20,0.059,0
2020-02-21,4.699,4.699
2020-02-22,6.2,6.2
2020-02-23,1.246,1.246
2020-02-24,0.087,0
2020-02-25,0.324,0
2020-02-26,0,0
2020-02-27,0.64,0
2020-02-28,0.852,0
2020-02-29,0.012,0
2020-03-01,0,0
2020-03-02,0.408,0
2020-03-03,0.309,0
2020-03-04,3.48,3.48
2020-03-05,7.906,7.906
2020-03-06,7.6,7.6
2020-03-07,7.357,7.357
2020-03-08,11.82,11.82
2020-03-09,2.03,2.03
2020-03-10,0.803,0
2020-03-11,3.382,3.382
2020-03-12,5.006,5.006
2020-03-13,2.341,2.341
2020-03-14,0.775,0
2020-03-15,0.967,0
2020-03-16,0.697,0
2020-03-17,0.086,0
2020-03-18,0.054,0
2020-03-19,0.003,0
2020-03-20,0.577,0
2020-03-21,1.732,1.732
2020-03-22,4.494,4.494
2020-03-23,0.292,0
2020-03-24,0.293,0
2020-03-25,0.111,0
2020-03-26,0.559,0
2020-03-27,0.218,0
2020-03-28,0.155,0
2020-03-29,0.248,0
2020-03-30,0.005,0
2020-03-31,0.109,0
2020-04-01,0.064,0
2020-04-02,0.001,0
2020-04-03,0,0
2020-04-04,0.876,0
2020-04-05,3.965,3.965
2020-04-06,0.009,0
2020-04-07,0,0
2020-04-08,10.144,10.144
2020-04-09,5.672,5.672
2020-04-10,3.428,3.428
2020-04-11,0.748,0
2020-04-12,0.978,0
2020-04-13,0.016,0
2020-04-14,0,0
2020-04-15,3.041,3.041
2020-04-16,0.162,0
2020-04-17,0.214,0
2020-04-18,0.25,0
2020-04-19,0.006,0
2020-04-20,0.003,0
2020-04-21,0.013,0
2020-04-22,0.126,0
2020-04-23,0.524,0
2020-04-24,0.716,0
2020-04-25,0,0
2020-04-26,0,0
2020-04-27,0,0
2020-04-28,0,0
2020-04-29,0,0
2020-04-30,0,0
2020-05-01,0.015,0
2020-05-02,0,0
2020-05-03,0.088,0
2020-05-04,0.016,0
2020-05-05,0,0
2020-05-06,0.742,0
2020-05-07,0.408,0
2020-05-08,4.422,4.422
2020-05-09,1.698,1.698
2020-05-10,0,0
2020-05-11,0,0
2020-05-12,0.004,0
2020-05-13,0,0
2020-05-14,0,0
2020-05-15,0.012,0
2020-05-16,3.803,3.803
2020-05-17,4.6,4.6
2020-05-18,0.154,0
2020-05-19,0.006,0
2020-05-20,1.408,1.408
2020-05-21,0.401,0
2020-05-22,0,0
2020-05-23,0.001,0
2020-05-24,0.224,0
2020-05-25,3.483,3.483
2020-05-26,3.119,3.119
2020-05-27,0,0
2020-05-28,0,0
2020-05-29,0,0
2020-05-30,0,0
2020-05-31,0,0
2020-06-01,0,0
2020-06-02,0.017,0
2020-06-03,0.115,0
2020-06-04,0,0
2020-06-05,0.064,0
2020-06-06,0.007,0
2020-06-07,0,0
2020-06-08,0,0
2020-06-09,0,0
2020-06-10,0,0
2020-06-11,0.206,0
2020-06-12,0,0
2020-06-13,0,0
2020-06-14,0,0
2020-06-15,0,0
2020-06-16,0,0
2020-06-17,0,0
2020-06-18,0,0
2020-06-19,3.165,3.165
2020-06-20,0,0
2020-06-21,0,0
2020-06-22,0,0
2020-06-23,0,0
2020-06-24,0,0
2020-06-25,0,0
2020-06-26,0,0
2020-06-27,0.025,0
2020-06-28,0,0
2020-06-29,0,0
2020-06-30,0.924,0
2020-07-01,0.087,0
2020-07-02,0.014,0
2020-07-03,0.012,0
2020-07-04,0.066,0
2020-07-05,0,0
2020-07-06,0.106,0
2020-07-07,0,0
2020-07-08,0,0
2020-07-09,0,0
2020-07-10,0,0
2020-07-11,0,0
2020-07-12,0,0
2020-07-13,0,0
2020-07-14,0,0
2020-07-15,0,0
2020-07-16,1.143,1.143
2020-07-17,0,0
2020-07-18,0,0
2020-07-19,0,0
2020-07-20,0,0
2020-07-21,0,0
2020-07-22,0,0
2020-07-23,0,0
2020-07-24,0,0
2020-07-25,0,0
2020-07-26,0.177,0
2020-07-27,0,0
2020-07-28,0,0
2020-07-29,1.087,1.087
2020-07-30,0,0
2020-07-31,0,0
2020-08-01,0.071,0
2020-08-02,0,0
2020-08-03,0,0
2020-08-04,0,0
2020-08-05,0,0
2020-08-06,0,0
2020-08-07,0,0
2020-08-08,0.492,0
2020-08-09,1.038,1.038
2020-08-10,0,0
2020-08-11,3.992,3.992
2020-08-12,2.187,2.187
2020-08-13,0.011,0
2020-08-14,0,0
2020-08-15,0,0
2020-08-16,0.026,0
2020-08-17,0,0
2020-08-18,0,0
2020-08-19,0,0
2020-08-20,0,0
2020-08-21,0,0
2020-08-22,0,0
2020-08-23,0,0
2020-08-24,0,0
2020-08-25,0,0
2020-08-26,0,0
2020-08-27,0.005,0
2020-08-28,0,0
2020-08-29,0,0
2020-08-30,0.548,0
2020-08-31,0,0
2020-09-01,0.081,0
2020-09-02,0,0
2020-09-03,0,0
2020-09-04,0,0
2020-09-05,0,0
2020-09-06,0,0
2020-09-07,0,0
2020-09-08,0,0
2020-09-09,0,0
2020-09-10,0,0
2020-09-11,0,0
2020-09-12,0,0
2020-09-13,0.014,0
2020-09-14,0,0
2020-09-15,0.08,0
2020-09-16,0.005,0
2020-09-17,0,0
2020-09-18,0,0
2020-09-19,0,0
2020-09-20,0,0
2020-09-21,0,0
2020-09-22,0.068,0
2020-09-23,0.07,0
2020-09-24,0.671,0
2020-09-25,0,0
2020-09-26,0,0
2020-09-27,0,0
2020-09-28,0,0
2020-09-29,0.001,0
2020-09-30,0,0
2020-10-01,0,0
2020-10-02,0,0
2020-10-03,0,0
2020-10-04,0,0
2020-10-05,0,0
2020-10-06,0,0
2020-10-07,0,0
2020-10-08,1.358,1.358
2020-10-09,0,0
2020-10-10,3.325,3.325
2020-10-11,8.523,8.523
2020-10-12,0.56,0
2020-10-13,0,0
2020-10-14,0,0
2020-10-15,0,0
2020-10-16,0,0
2020-10-17,0.003,0
2020-10-18,0.051,0
2020-10-19,1.237,1.237
2020-10-20,4.412,4.412
2020-10-21,0.14,0
2020-10-22,0.953,0
2020-10-23,0.071,0
2020-10-24,0.242,0
2020-10-25,4.444,4.444
2020-10-26,11.702,11.702
2020-10-27,6.621,6.621
2020-10-28,10.747,10.747
2020-10-29,2.723,2.723
2020-10-30,0.453,0
2020-10-31,2.723,2.723
2020-11-01,18.861,18.861
2020-11-02,3.751,3.751
2020-11-03,3.625,3.625
2020-11-04,3.312,3.312
2020-11-05,3.242,3.242
2020-11-06,1.765,1.765
2020-11-07,0.826,0
2020-11-08,0.64,0
2020-11-09,0,0
2020-11-10,0,0
2020-11-11,0,0
2020-11-12,0.167,0
2020-11-13,0.004,0
2020-11-14,1.182,1.182
2020-11-15,11.588,11.588
2020-11-16,1.59,1.59
2020-11-17,3.021,3.021
2020-11-18,5.346,5.346
2020-11-19,6.033,6.033
2020-11-20,5.195,5.195
2020-11-21,1.725,1.725
2020-11-22,0.108,0
2020-11-23,0.195,0
2020-11-24,1.648,1.648
2020-11-25,0.003,0
2020-11-26,0.341,0
2020-11-27,0.275,0
2020-11-28,0.001,0
2020-11-29,0.056,0
2020-11-30,0.005,0
2020-12-01,0.01,0
2020-12-02,0.012,0
2020-12-03,0.031,0
2020-12-04,0.126,0
2020-12-05,0.001,0
2020-12-06,0,0
2020-12-07,0,0
2020-12-08,0.001,0
2020-12-09,1.116,1.116
2020-12-10,0.77,0
2020-12-11,0.84,0
2020-12-12,0,0
2020-12-13,0,0
2020-12-14,0,0
2020-12-15,0,0
2020-12-16,0.367,0
2020-12-17,0.001,0
2020-12-18,0.001,0
2020-12-19,0.632,0
2020-12-20,4.163,4.163
2020-12-21,0.933,0
2020-12-22,0,0
2020-12-23,0.212,0
2020-12-24,0.049,0
2020-12-25,0,0
2020-12-26,1.686,1.686
2020-12-27,0.061,0
2020-12-28,0,0
2020-12-29,0,0
2020-12-30,0,0
2020-12-31,0,0
2021-01-01,0,0
2021-01-02,0.454,0
2021-01-03,0.35,0
2021-01-04,1.22,1.22
2021-01-05,0,0
2021-01-06,0,0
2021-01-07,0,0
2021-01-08,0.08,0
2021-01-09,0.045,0
2021-01-10,0.229,0
2021-01-11,0.574,0
2021-01-12,0.008,0
2021-01-13,0.001,0
2021-01-14,0.11,0
2021-01-15,1.031,1.031
2021-01-16,1.682,1.682
2021-01-17,0.007,0
2021-01-18,0.014,0
2021-01-19,0,0
2021-01-20,0.012,0
2021-01-21,0.038,0
2021-01-22,0.033,0
2021-01-23,0.197,0
2021-01-24,1.378,1.378
2021-01-25,1.033,1.033
2021-01-26,1.105,1.105
2021-01-27,0.549,0
2021-01-28,0.02,0
2021-01-29,0.099,0
2021-01-30,0,0
2021-01-31,0.165,0
2021-02-01,1.172,1.172
2021-02-02,0.146,0
2021-02-03,0.142,0
2021-02-04,0,0
2021-02-05,2.273,2.273
2021-02-06,2.378,2.378
2021-02-07,6.239,6.239
2021-02-08,3.781,3.781
2021-02-09,3.71,3.71
2021-02-10,2.528,2.528
2021-02-11,0.052,0
2021-02-12,0.189,0
2021-02-13,0.2,0
2021-02-14,0.564,0
2021-02-15,1.5,1.5
2021-02-16,3.508,3.508
2021-02-17,2.452,2.452
2021-02-18,2.11,2.11
2021-02-19,2.263,2.263
2021-02-20,5.517,5.517
2021-02-21,4.815,4.815
2021-02-22,0.513,0
2021-02-23,0.295,0
2021-02-24,1.568,1.568
2021-02-25,0.469,0
2021-02-26,0.292,0
2021-02-27,1.322,1.322
2021-02-28,0.383,0
2021-03-01,0.143,0
2021-03-02,0.007,0
2021-03-03,0,0
2021-03-04,0,0
2021-03-05,0,0
2021-03-06,0.015,0
2021-03-07,1.307,1.307
2021-03-08,4.474,4.474
2021-03-09,3.404,3.404
2021-03-10,4.08,4.08
2021-03-11,0.327,0
2021-03-12,0.004,0
2021-03-13,0.017,0
2021-03-14,0.266,0
2021-03-15,0.014,0
2021-03-16,0.023,0
2021-03-17,0.38,0
2021-03-18,0.211,0
2021-03-19,1.15,1.15
2021-03-20,0.082,0
2021-03-21,0.554,0
2021-03-22,0,0
2021-03-23,0,0
2021-03-24,0.002,0
2021-03-25,0,0
2021-03-26,0.001,0
2021-03-27,0,0
2021-03-28,0,0
2021-03-29,0,0
2021-03-30,0.108,0
2021-03-31,0.848,0
2021-04-01,5.891,5.891
2021-04-02,1.735,1.735
2021-04-03,2.706,2.706
2021-04-04,1.287,1.287
2021-04-05,2.115,2.115
2021-04-06,0.075,0
2021-04-07,1.928,1.928
2021-04-08,0.735,0
2021-04-09,0.063,0
2021-04-10,0,0
2021-04-11,0,0
2021-04-12,0,0
2021-04-13,0,0
2021-04-14,0,0
2021-04-15,0.235,0
2021-04-16,0,0
2021-04-17,0,0
2021-04-18,0.07,0
2021-04-19,1.758,1.758
2021-04-20,1.702,1.702
2021-04-21,0.77,0
2021-04-22,1.689,1.689
2021-04-23,0.004,0
2021-04-24,0,0
2021-04-25,0,0
2021-04-26,0.002,0
2021-04-27,0,0
2021-04-28,0,0
2021-04-29,0,0
2021-04-30,0.202,0
2021-05-01,0.074,0
2021-05-02,0,0
2021-05-03,0.436,0
2021-05-04,0.303,0
2021-05-05,0,0
2021-05-06,0.181,0
2021-05-07,0.481,0
2021-05-08,0.036,0
2021-05-09,0,0
2021-05-10,0,0
2021-05-11,0,0
2021-05-12,0,0
2021-05-13,0.671,0
2021-05-14,0,0
2021-05-15,0.013,0
2021-05-16,0.035,0
2021-05-17,0.106,0
2021-05-18,0.228,0
2021-05-19,0.145,0
2021-05-20,0,0
2021-05-21,0,0
2021-05-22,0,0
2021-05-23,0.006,0
2021-05-24,0.015,0
2021-05-25,0.002,0
2021-05-26,0.004,0
2021-05-27,0.003,0
2021-05-28,0,0
2021-05-29,0.073,0
2021-05-30,0,0
2021-05-31,0.009,0
2021-06-01,0,0
2021-06-02,0.078,0
2021-06-03,0.008,0
2021-06-04,1.442,1.442
2021-06-05,0.089,0
2021-06-06,0.676,0
2021-06-07,0.236,0
2021-06-08,0,0
2021-06-09,0,0
2021-06-10,0,0
2021-06-11,0,0
2021-06-12,4.635,4.635
2021-06-13,2.42,2.42
2021-06-14,0,0
2021-06-15,1.125,1.125
2021-06-16,0.144,0
2021-06-17,0,0
2021-06-18,0,0
2021-06-19,0,0
2021-06-20,0.213,0
2021-06-21,0,0
2021-06-22,0,0
2021-06-23,0,0
2021-06-24,0,0
2021-06-25,0,0
2021-06-26,0,0
2021-06-27,0,0
2021-06-28,0,0
2021-06-29,0,0
2021-06-30,0.043,0
2021-07-01,0.476,0
2021-07-02,0,0
2021-07-03,0,0
2021-07-04,0,0
2021-07-05,0,0
2021-07-06,0,0
2021-07-07,0,0
2021-07-08,0,0
2021-07-09,0,0
2021-07-10,0,0
2021-07-11,0,0
2021-07-12,0,0
2021-07-13,0,0
2021-07-14,0,0
2021-07-15,0,0
2021-07-16,0,0
2021-07-17,0,0
2021-07-18,0,0
2021-07-19,0,0
2021-07-20,0,0
2021-07-21,0,0
2021-07-22,0.129,0
2021-07-23,0.059,0
2021-07-24,0.024,0
2021-07-25,0,0
2021-07-26,0,0
2021-07-27,0,0
2021-07-28,0,0
2021-07-29,0.016,0
2021-07-30,0.107,0
2021-07-31,0.117,0
2021-08-01,0,0
2021-08-02,0,0
2021-08-03,0,0
2021-08-04,0.052,0
2021-08-05,3.158,3.158
2021-08-06,0.23,0
2021-08-07,1.315,1.315
2021-08-08,0.237,0
2021-08-09,0.02,0
2021-08-10,0,0
2021-08-11,0,0
2021-08-12,0,0
2021-08-13,0,0
2021-08-14,0,0
2021-08-15,0,0
2021-08-16,0.025,0
2021-08-17,0,0
2021-08-18,0.159,0
2021-08-19,0,0
2021-08-20,0,0
2021-08-21,0,0
2021-08-22,0,0
2021-08-23,0,0
2021-08-24,0,0
2021-08-25,0,0
2021-08-26,0,0
2021-08-27,0.196,0
2021-08-28,0.125,0
2021-08-29,0.955,0
2021-08-30,0.114,0
2021-08-31,2.143,2.143
2021-09-01,1.431,1.431
2021-09-02,1.37,1.37
2021-09-03,0,0
2021-09-04,0.002,0
2021-09-05,0,0
2021-09-06,0.138,0
2021-09-07,0,0
2021-09-08,0.006,0
2021-09-09,0,0
2021-09-10,0,0
2021-09-11,0,0
2021-09-12,0,0
2021-09-13,0.01,0
2021-09-14,0,0
2021-09-15,0,0
2021-09-16,0,0
2021-09-17,0,0
2021-09-18,0,0
2021-09-19,0,0
2021-09-20,0,0
2021-09-21,0,0
2021-09-22,0,0
2021-09-23,0.001,0
2021-09-24,0,0
2021-09-25,0.017,0
2021-09-26,0.003,0
2021-09-27,0.019,0
2021-09-28,0.002,0
2021-09-29,0,0
2021-09-30,0.015,0
2021-10-01,0,0
2021-10-02,0,0
2021-10-03,0,0
2021-10-04,0,0
2021-10-05,0,0
2021-10-06,0,0
2021-10-07,0,0
2021-10-08,0.043,0
2021-10-09,1.164,1.164
2021-10-10,0.445,0
2021-10-11,1.223,1.223
2021-10-12,8.9,8.9
2021-10-13,3.472,3.472
2021-10-14,0.099,0
2021-10-15,0.774,0
2021-10-16,0.4,0
2021-10-17,0.005,0
2021-10-18,0.016,0
2021-10-19,0.039,0
2021-10-20,19.233,19.233
2021-10-21,28.605,28.605
2021-10-22,1.698,1.698
2021-10-23,0.863,0
2021-10-24,1.451,1.451
2021-10-25,4.525,4.525
2021-10-26,0.357,0
2021-10-27,0,0
2021-10-28,0,0
2021-10-29,0,0
2021-10-30,0,0
2021-10-31,0.055,0
2021-11-01,3.167,3.167
2021-11-02,4.812,4.812
2021-11-03,17.936,17.936
2021-11-04,12.742,12.742
2021-11-05,3.115,3.115
2021-11-06,1.113,1.113
2021-11-07,0,0
2021-11-08,0.013,0
2021-11-09,2.114,2.114
2021-11-10,4.256,4.256
2021-11-11,1.915,1.915
2021-11-12,4.128,4.128
2021-11-13,1.237,1.237
2021-11-14,3.072,3.072
2021-11-15,0.068,0
2021-11-16,0.259,0
2021-11-17,0.295,0
2021-11-18,0.288,0
2021-11-19,0.056,0
2021-11-20,2.37,2.37
2021-11-21,0.412,0
2021-11-22,0.148,0
2021-11-23,0.21,0
2021-11-24,0.045,0
2021-11-25,0.358,0
2021-11-26,0.389,0
2021-11-27,4.934,4.934
2021-11-28,7.942,7.942
2021-11-29,0.642,0
2021-11-30,1.939,1.939
2021-12-01,4.162,4.162
2021-12-02,5.365,5.365
2021-12-03,1.592,1.592
2021-12-04,0.203,0
2021-12-05,0.248,0
2021-12-06,9.466,9.466
2021-12-07,8.291,8.291
2021-12-08,5.525,5.525
2021-12-09,7.608,7.608
2021-12-10,5.084,5.084
2021-12-11,3.47,3.47
2021-12-12,0.675,0
2021-12-13,1.887,1.887
2021-12-14,0.398,0
2021-12-15,0.84,0
2021-12-16,1.614,1.614
2021-12-17,0.318,0
2021-12-18,1.08,1.08
2021-12-19,1.236,1.236
2021-12-20,3.945,3.945
2021-12-21,2.286,2.286
2021-12-22,2.322,2.322
2021-12-23,4.853,4.853
2021-12-24,9.703,9.703
2021-12-25,9.381,9.381
2021-12-26,2.105,2.105
2021-12-27,11.888,11.888
2021-12-28,12.082,12.082
2021-12-29,1.176,1.176
2021-12-30,0.242,0
2021-12-31,2.016,2.016
2022-01-01,1.794,1.794